risk_assessment_id,shift_id,organization_id,risk_score,risk_level,risk_reasons,recommended_action,calculated_by,calculated_at
1,1,1,0,LOW,No significant risk detected.,No immediate action required.,SYSTEM,2026-09-16 08:00:00
2,2,1,0,LOW,No significant risk detected.,No immediate action required.,SYSTEM,2026-09-16 08:00:00
3,3,1,0,LOW,No significant risk detected.,No immediate action required.,SYSTEM,2026-09-16 08:00:00
4,4,1,50,MEDIUM,Staffing coverage below requirement; Senior staff coverage insufficient,Review staffing before shift start.,SYSTEM,2026-09-16 08:00:00
5,5,1,0,LOW,No significant risk detected.,No immediate action required.,SYSTEM,2026-09-16 08:00:00
6,6,1,0,LOW,No significant risk detected.,No immediate action required.,SYSTEM,2026-09-16 08:00:00
7,7,1,0,LOW,No significant risk detected.,No immediate action required.,SYSTEM,2026-09-16 08:00:00
8,8,1,0,LOW,No significant risk detected.,No immediate action required.,SYSTEM,2026-09-16 08:00:00
9,9,1,0,LOW,No significant risk detected.,No immediate action required.,SYSTEM,2026-09-16 08:00:00
10,10,1,15,LOW,High workload detected,No immediate action required.,SYSTEM,2026-09-16 08:00:00
11,11,1,0,LOW,No significant risk detected.,No immediate action required.,SYSTEM,2026-09-16 08:00:00
12,12,1,0,LOW,No significant risk detected.,No immediate action required.,SYSTEM,2026-09-16 08:00:00
13,13,1,0,LOW,No significant risk detected.,No immediate action required.,SYSTEM,2026-09-16 08:00:00
14,14,1,0,LOW,No significant risk detected.,No immediate action required.,SYSTEM,2026-09-16 08:00:00
15,15,1,15,LOW,High workload detected,No immediate action required.,SYSTEM,2026-09-16 08:00:00
16,16,1,0,LOW,No significant risk detected.,No immediate action required.,SYSTEM,2026-09-16 08:00:00
17,17,1,0,LOW,No significant risk detected.,No immediate action required.,SYSTEM,2026-09-16 08:00:00
18,18,1,0,LOW,No significant risk detected.,No immediate action required.,SYSTEM,2026-09-16 08:00:00
19,19,1,15,LOW,High workload detected,No immediate action required.,SYSTEM,2026-09-16 08:00:00
20,20,1,0,LOW,No significant risk detected.,No immediate action required.,SYSTEM,2026-09-16 08:00:00
21,21,1,0,LOW,No significant risk detected.,No immediate action required.,SYSTEM,2026-09-16 08:00:00
22,22,1,0,LOW,No significant risk detected.,No immediate action required.,SYSTEM,2026-09-16 08:00:00
23,23,1,0,LOW,No significant risk detected.,No immediate action required.,SYSTEM,2026-09-16 08:00:00
24,24,1,30,MEDIUM,Staffing coverage below requirement,Review staffing before shift start.,SYSTEM,2026-09-16 08:00:00
25,25,1,0,LOW,No significant risk detected.,No immediate action required.,SYSTEM,2026-09-16 08:00:00
26,26,1,15,LOW,High workload detected,No immediate action required.,SYSTEM,2026-09-16 08:00:00
27,27,1,0,LOW,No significant risk detected.,No immediate action required.,SYSTEM,2026-09-16 08:00:00
28,28,1,0,LOW,No significant risk detected.,No immediate action required.,SYSTEM,2026-09-16 08:00:00
29,29,1,0,LOW,No significant risk detected.,No immediate action required.,SYSTEM,2026-09-16 08:00:00
30,30,1,45,MEDIUM,Staffing coverage below requirement; High workload detected,Review staffing before shift start.,SYSTEM,2026-09-16 08:00:00
31,31,1,50,MEDIUM,Staffing coverage below requirement; Senior staff coverage insufficient,Review staffing before shift start.,SYSTEM,2026-09-16 08:00:00
32,32,1,0,LOW,No significant risk detected.,No immediate action required.,SYSTEM,2026-09-16 08:00:00
33,33,1,15,LOW,High workload detected,No immediate action required.,SYSTEM,2026-09-16 08:00:00
34,34,1,0,LOW,No significant risk detected.,No immediate action required.,SYSTEM,2026-09-16 08:00:00
35,35,1,0,LOW,No significant risk detected.,No immediate action required.,SYSTEM,2026-09-16 08:00:00
36,36,1,0,LOW,No significant risk detected.,No immediate action required.,SYSTEM,2026-09-16 08:00:00
37,37,1,0,LOW,No significant risk detected.,No immediate action required.,SYSTEM,2026-09-16 08:00:00
38,38,1,0,LOW,No significant risk detected.,No immediate action required.,SYSTEM,2026-09-16 08:00:00
39,39,1,0,LOW,No significant risk detected.,No immediate action required.,SYSTEM,2026-09-16 08:00:00
40,40,1,45,MEDIUM,Staffing coverage below requirement; High workload detected,Review staffing before shift start.,SYSTEM,2026-09-16 08:00:00
41,41,1,0,LOW,No significant risk detected.,No immediate action required.,SYSTEM,2026-09-16 08:00:00
42,42,1,0,LOW,No significant risk detected.,No immediate action required.,SYSTEM,2026-09-16 08:00:00
43,43,1,15,LOW,High workload detected,No immediate action required.,SYSTEM,2026-09-16 08:00:00
44,44,1,0,LOW,No significant risk detected.,No immediate action required.,SYSTEM,2026-09-16 08:00:00
45,45,1,0,LOW,No significant risk detected.,No immediate action required.,SYSTEM,2026-09-16 08:00:00
46,46,1,15,LOW,High workload detected,No immediate action required.,SYSTEM,2026-09-16 08:00:00
47,47,1,0,LOW,No significant risk detected.,No immediate action required.,SYSTEM,2026-09-16 08:00:00
48,48,1,0,LOW,No significant risk detected.,No immediate action required.,SYSTEM,2026-09-16 08:00:00
49,49,1,30,MEDIUM,Staffing coverage below requirement,Review staffing before shift start.,SYSTEM,2026-09-16 08:00:00
50,50,1,15,LOW,High workload detected,No immediate action required.,SYSTEM,2026-09-16 08:00:00
51,51,1,0,LOW,No significant risk detected.,No immediate action required.,SYSTEM,2026-09-16 08:00:00
52,52,1,45,MEDIUM,Staffing coverage below requirement; High workload detected,Review staffing before shift start.,SYSTEM,2026-09-16 08:00:00
53,53,1,0,LOW,No significant risk detected.,No immediate action required.,SYSTEM,2026-09-16 08:00:00
54,54,1,0,LOW,No significant risk detected.,No immediate action required.,SYSTEM,2026-09-16 08:00:00
55,55,1,0,LOW,No significant risk detected.,No immediate action required.,SYSTEM,2026-09-16 08:00:00
56,56,1,30,MEDIUM,Staffing coverage below requirement,Review staffing before shift start.,SYSTEM,2026-09-16 08:00:00
57,57,1,0,LOW,No significant risk detected.,No immediate action required.,SYSTEM,2026-09-16 08:00:00
58,58,1,0,LOW,No significant risk detected.,No immediate action required.,SYSTEM,2026-09-16 08:00:00
59,59,1,30,MEDIUM,Staffing coverage below requirement,Review staffing before shift start.,SYSTEM,2026-09-16 08:00:00
60,60,1,0,LOW,No significant risk detected.,No immediate action required.,SYSTEM,2026-09-16 08:00:00
61,61,1,0,LOW,No significant risk detected.,No immediate action required.,SYSTEM,2026-09-16 08:00:00
62,62,1,0,LOW,No significant risk detected.,No immediate action required.,SYSTEM,2026-09-16 08:00:00
63,63,1,0,LOW,No significant risk detected.,No immediate action required.,SYSTEM,2026-09-16 08:00:00
64,64,1,0,LOW,No significant risk detected.,No immediate action required.,SYSTEM,2026-09-16 08:00:00
65,65,1,0,LOW,No significant risk detected.,No immediate action required.,SYSTEM,2026-09-16 08:00:00
66,66,1,0,LOW,No significant risk detected.,No immediate action required.,SYSTEM,2026-09-16 08:00:00
67,67,1,0,LOW,No significant risk detected.,No immediate action required.,SYSTEM,2026-09-16 08:00:00
68,68,1,0,LOW,No significant risk detected.,No immediate action required.,SYSTEM,2026-09-16 08:00:00
69,69,1,0,LOW,No significant risk detected.,No immediate action required.,SYSTEM,2026-09-16 08:00:00
70,70,1,30,MEDIUM,Staffing coverage below requirement,Review staffing before shift start.,SYSTEM,2026-09-16 08:00:00
71,71,1,50,MEDIUM,Staffing coverage below requirement; Senior staff coverage insufficient,Review staffing before shift start.,SYSTEM,2026-09-16 08:00:00
72,72,1,15,LOW,High workload detected,No immediate action required.,SYSTEM,2026-09-16 08:00:00
73,73,1,0,LOW,No significant risk detected.,No immediate action required.,SYSTEM,2026-09-16 08:00:00
74,74,1,0,LOW,No significant risk detected.,No immediate action required.,SYSTEM,2026-09-16 08:00:00
75,75,1,0,LOW,No significant risk detected.,No immediate action required.,SYSTEM,2026-09-16 08:00:00
76,76,1,50,MEDIUM,Staffing coverage below requirement; Senior staff coverage insufficient,Review staffing before shift start.,SYSTEM,2026-09-16 08:00:00
77,77,1,50,MEDIUM,Staffing coverage below requirement; Senior staff coverage insufficient,Review staffing before shift start.,SYSTEM,2026-09-16 08:00:00
78,78,1,0,LOW,No significant risk detected.,No immediate action required.,SYSTEM,2026-09-16 08:00:00
79,79,1,15,LOW,High workload detected,No immediate action required.,SYSTEM,2026-09-16 08:00:00
80,80,1,15,LOW,High workload detected,No immediate action required.,SYSTEM,2026-09-16 08:00:00
81,81,1,0,LOW,No significant risk detected.,No immediate action required.,SYSTEM,2026-09-16 08:00:00
82,82,1,0,LOW,No significant risk detected.,No immediate action required.,SYSTEM,2026-09-16 08:00:00
83,83,1,45,MEDIUM,Staffing coverage below requirement; High workload detected,Review staffing before shift start.,SYSTEM,2026-09-16 08:00:00
84,84,1,0,LOW,No significant risk detected.,No immediate action required.,SYSTEM,2026-09-16 08:00:00
85,85,1,30,MEDIUM,Staffing coverage below requirement,Review staffing before shift start.,SYSTEM,2026-09-16 08:00:00
86,86,1,0,LOW,No significant risk detected.,No immediate action required.,SYSTEM,2026-09-16 08:00:00
87,87,1,0,LOW,No significant risk detected.,No immediate action required.,SYSTEM,2026-09-16 08:00:00
88,88,1,0,LOW,No significant risk detected.,No immediate action required.,SYSTEM,2026-09-16 08:00:00
89,89,1,30,MEDIUM,Staffing coverage below requirement,Review staffing before shift start.,SYSTEM,2026-09-16 08:00:00
90,90,1,0,LOW,No significant risk detected.,No immediate action required.,SYSTEM,2026-09-16 08:00:00
91,91,1,50,MEDIUM,Staffing coverage below requirement; Senior staff coverage insufficient,Review staffing before shift start.,SYSTEM,2026-09-16 08:00:00
92,92,1,0,LOW,No significant risk detected.,No immediate action required.,SYSTEM,2026-09-16 08:00:00
93,93,1,0,LOW,No significant risk detected.,No immediate action required.,SYSTEM,2026-09-16 08:00:00
94,94,1,15,LOW,High workload detected,No immediate action required.,SYSTEM,2026-09-16 08:00:00
95,95,1,0,LOW,No significant risk detected.,No immediate action required.,SYSTEM,2026-09-16 08:00:00
96,96,1,0,LOW,No significant risk detected.,No immediate action required.,SYSTEM,2026-09-16 08:00:00
97,97,1,30,MEDIUM,Staffing coverage below requirement,Review staffing before shift start.,SYSTEM,2026-09-16 08:00:00
98,98,1,15,LOW,High workload detected,No immediate action required.,SYSTEM,2026-09-16 08:00:00
99,99,1,0,LOW,No significant risk detected.,No immediate action required.,SYSTEM,2026-09-16 08:00:00
100,100,1,15,LOW,High workload detected,No immediate action required.,SYSTEM,2026-09-16 08:00:00
101,101,1,15,LOW,High workload detected,No immediate action required.,SYSTEM,2026-09-16 08:00:00
102,102,1,0,LOW,No significant risk detected.,No immediate action required.,SYSTEM,2026-09-16 08:00:00
103,103,1,0,LOW,No significant risk detected.,No immediate action required.,SYSTEM,2026-09-16 08:00:00
104,104,1,0,LOW,No significant risk detected.,No immediate action required.,SYSTEM,2026-09-16 08:00:00
105,105,1,0,LOW,No significant risk detected.,No immediate action required.,SYSTEM,2026-09-16 08:00:00
106,106,1,15,LOW,High workload detected,No immediate action required.,SYSTEM,2026-09-16 08:00:00
107,107,1,0,LOW,No significant risk detected.,No immediate action required.,SYSTEM,2026-09-16 08:00:00
108,108,1,30,MEDIUM,Staffing coverage below requirement,Review staffing before shift start.,SYSTEM,2026-09-16 08:00:00
109,109,1,0,LOW,No significant risk detected.,No immediate action required.,SYSTEM,2026-09-16 08:00:00
110,110,1,0,LOW,No significant risk detected.,No immediate action required.,SYSTEM,2026-09-16 08:00:00
111,111,1,0,LOW,No significant risk detected.,No immediate action required.,SYSTEM,2026-09-16 08:00:00
112,112,1,0,LOW,No significant risk detected.,No immediate action required.,SYSTEM,2026-09-16 08:00:00
113,113,1,50,MEDIUM,Staffing coverage below requirement; Senior staff coverage insufficient,Review staffing before shift start.,SYSTEM,2026-09-16 08:00:00
114,114,1,0,LOW,No significant risk detected.,No immediate action required.,SYSTEM,2026-09-16 08:00:00
115,115,1,0,LOW,No significant risk detected.,No immediate action required.,SYSTEM,2026-09-16 08:00:00
116,116,1,0,LOW,No significant risk detected.,No immediate action required.,SYSTEM,2026-09-16 08:00:00
117,117,1,0,LOW,No significant risk detected.,No immediate action required.,SYSTEM,2026-09-16 08:00:00
118,118,1,0,LOW,No significant risk detected.,No immediate action required.,SYSTEM,2026-09-16 08:00:00
119,119,1,0,LOW,No significant risk detected.,No immediate action required.,SYSTEM,2026-09-16 08:00:00
120,120,1,45,MEDIUM,Staffing coverage below requirement; High workload detected,Review staffing before shift start.,SYSTEM,2026-09-16 08:00:00
121,121,1,15,LOW,High workload detected,No immediate action required.,SYSTEM,2026-09-16 08:00:00
122,122,1,0,LOW,No significant risk detected.,No immediate action required.,SYSTEM,2026-09-16 08:00:00
123,123,1,0,LOW,No significant risk detected.,No immediate action required.,SYSTEM,2026-09-16 08:00:00
124,124,1,0,LOW,No significant risk detected.,No immediate action required.,SYSTEM,2026-09-16 08:00:00
125,125,1,0,LOW,No significant risk detected.,No immediate action required.,SYSTEM,2026-09-16 08:00:00
126,126,1,0,LOW,No significant risk detected.,No immediate action required.,SYSTEM,2026-09-16 08:00:00
127,127,1,0,LOW,No significant risk detected.,No immediate action required.,SYSTEM,2026-09-16 08:00:00
128,128,1,0,LOW,No significant risk detected.,No immediate action required.,SYSTEM,2026-09-16 08:00:00
129,129,1,50,MEDIUM,Staffing coverage below requirement; Senior staff coverage insufficient,Review staffing before shift start.,SYSTEM,2026-09-16 08:00:00
130,130,1,15,LOW,High workload detected,No immediate action required.,SYSTEM,2026-09-16 08:00:00
131,131,1,0,LOW,No significant risk detected.,No immediate action required.,SYSTEM,2026-09-16 08:00:00
132,132,1,0,LOW,No significant risk detected.,No immediate action required.,SYSTEM,2026-09-16 08:00:00
133,133,1,0,LOW,No significant risk detected.,No immediate action required.,SYSTEM,2026-09-16 08:00:00
134,134,1,0,LOW,No significant risk detected.,No immediate action required.,SYSTEM,2026-09-16 08:00:00
135,135,1,0,LOW,No significant risk detected.,No immediate action required.,SYSTEM,2026-09-16 08:00:00
136,136,1,15,LOW,High workload detected,No immediate action required.,SYSTEM,2026-09-16 08:00:00
137,137,1,15,LOW,High workload detected,No immediate action required.,SYSTEM,2026-09-16 08:00:00
138,138,1,15,LOW,High workload detected,No immediate action required.,SYSTEM,2026-09-16 08:00:00
139,139,1,0,LOW,No significant risk detected.,No immediate action required.,SYSTEM,2026-09-16 08:00:00
140,140,1,0,LOW,No significant risk detected.,No immediate action required.,SYSTEM,2026-09-16 08:00:00
141,141,1,0,LOW,No significant risk detected.,No immediate action required.,SYSTEM,2026-09-16 08:00:00
142,142,1,0,LOW,No significant risk detected.,No immediate action required.,SYSTEM,2026-09-16 08:00:00
143,143,1,0,LOW,No significant risk detected.,No immediate action required.,SYSTEM,2026-09-16 08:00:00
144,144,1,0,LOW,No significant risk detected.,No immediate action required.,SYSTEM,2026-09-16 08:00:00
145,145,1,15,LOW,High workload detected,No immediate action required.,SYSTEM,2026-09-16 08:00:00
146,146,1,0,LOW,No significant risk detected.,No immediate action required.,SYSTEM,2026-09-16 08:00:00
147,147,1,15,LOW,High workload detected,No immediate action required.,SYSTEM,2026-09-16 08:00:00
148,148,1,0,LOW,No significant risk detected.,No immediate action required.,SYSTEM,2026-09-16 08:00:00
149,149,1,45,MEDIUM,Staffing coverage below requirement; High workload detected,Review staffing before shift start.,SYSTEM,2026-09-16 08:00:00
150,150,1,0,LOW,No significant risk detected.,No immediate action required.,SYSTEM,2026-09-16 08:00:00
151,151,1,0,LOW,No significant risk detected.,No immediate action required.,SYSTEM,2026-09-16 08:00:00
152,152,1,0,LOW,No significant risk detected.,No immediate action required.,SYSTEM,2026-09-16 08:00:00
153,153,1,50,MEDIUM,Staffing coverage below requirement; Senior staff coverage insufficient,Review staffing before shift start.,SYSTEM,2026-09-16 08:00:00
154,154,1,0,LOW,No significant risk detected.,No immediate action required.,SYSTEM,2026-09-16 08:00:00
155,155,1,0,LOW,No significant risk detected.,No immediate action required.,SYSTEM,2026-09-16 08:00:00
156,156,1,30,MEDIUM,Staffing coverage below requirement,Review staffing before shift start.,SYSTEM,2026-09-16 08:00:00
157,157,1,15,LOW,High workload detected,No immediate action required.,SYSTEM,2026-09-16 08:00:00
158,158,1,15,LOW,High workload detected,No immediate action required.,SYSTEM,2026-09-16 08:00:00
159,159,1,0,LOW,No significant risk detected.,No immediate action required.,SYSTEM,2026-09-16 08:00:00
160,160,1,0,LOW,No significant risk detected.,No immediate action required.,SYSTEM,2026-09-16 08:00:00
161,161,1,0,LOW,No significant risk detected.,No immediate action required.,SYSTEM,2026-09-16 08:00:00
162,162,1,0,LOW,No significant risk detected.,No immediate action required.,SYSTEM,2026-09-16 08:00:00
163,163,1,30,MEDIUM,Staffing coverage below requirement,Review staffing before shift start.,SYSTEM,2026-09-16 08:00:00
164,164,1,15,LOW,High workload detected,No immediate action required.,SYSTEM,2026-09-16 08:00:00
165,165,1,0,LOW,No significant risk detected.,No immediate action required.,SYSTEM,2026-09-16 08:00:00
166,166,1,0,LOW,No significant risk detected.,No immediate action required.,SYSTEM,2026-09-16 08:00:00
167,167,1,15,LOW,High workload detected,No immediate action required.,SYSTEM,2026-09-16 08:00:00
168,168,1,0,LOW,No significant risk detected.,No immediate action required.,SYSTEM,2026-09-16 08:00:00
169,169,1,0,LOW,No significant risk detected.,No immediate action required.,SYSTEM,2026-09-16 08:00:00
170,170,1,0,LOW,No significant risk detected.,No immediate action required.,SYSTEM,2026-09-16 08:00:00
171,171,1,0,LOW,No significant risk detected.,No immediate action required.,SYSTEM,2026-09-16 08:00:00
172,172,1,0,LOW,No significant risk detected.,No immediate action required.,SYSTEM,2026-09-16 08:00:00
173,173,1,0,LOW,No significant risk detected.,No immediate action required.,SYSTEM,2026-09-16 08:00:00
174,174,1,0,LOW,No significant risk detected.,No immediate action required.,SYSTEM,2026-09-16 08:00:00
175,175,1,50,MEDIUM,Staffing coverage below requirement; Senior staff coverage insufficient,Review staffing before shift start.,SYSTEM,2026-09-16 08:00:00
176,176,1,0,LOW,No significant risk detected.,No immediate action required.,SYSTEM,2026-09-16 08:00:00
177,177,1,30,MEDIUM,Staffing coverage below requirement,Review staffing before shift start.,SYSTEM,2026-09-16 08:00:00
178,178,1,15,LOW,High workload detected,No immediate action required.,SYSTEM,2026-09-16 08:00:00
179,179,1,0,LOW,No significant risk detected.,No immediate action required.,SYSTEM,2026-09-16 08:00:00
180,180,1,15,LOW,High workload detected,No immediate action required.,SYSTEM,2026-09-16 08:00:00
181,181,1,0,LOW,No significant risk detected.,No immediate action required.,SYSTEM,2026-09-16 08:00:00
182,182,1,0,LOW,No significant risk detected.,No immediate action required.,SYSTEM,2026-09-16 08:00:00
183,183,1,0,LOW,No significant risk detected.,No immediate action required.,SYSTEM,2026-09-16 08:00:00
184,184,1,65,HIGH,Staffing coverage below requirement; Senior staff coverage insufficient; High workload detected,Assign qualified staff and review coverage before shift start.,SYSTEM,2026-09-16 08:00:00
185,185,1,0,LOW,No significant risk detected.,No immediate action required.,SYSTEM,2026-09-16 08:00:00
186,186,1,0,LOW,No significant risk detected.,No immediate action required.,SYSTEM,2026-09-16 08:00:00
187,187,1,0,LOW,No significant risk detected.,No immediate action required.,SYSTEM,2026-09-16 08:00:00
188,188,1,0,LOW,No significant risk detected.,No immediate action required.,SYSTEM,2026-09-16 08:00:00
189,189,1,15,LOW,High workload detected,No immediate action required.,SYSTEM,2026-09-16 08:00:00
190,190,1,15,LOW,High workload detected,No immediate action required.,SYSTEM,2026-09-16 08:00:00
191,191,1,50,MEDIUM,Staffing coverage below requirement; Senior staff coverage insufficient,Review staffing before shift start.,SYSTEM,2026-09-16 08:00:00
192,192,1,0,LOW,No significant risk detected.,No immediate action required.,SYSTEM,2026-09-16 08:00:00
193,193,1,15,LOW,High workload detected,No immediate action required.,SYSTEM,2026-09-16 08:00:00
194,194,1,0,LOW,No significant risk detected.,No immediate action required.,SYSTEM,2026-09-16 08:00:00
195,195,1,0,LOW,No significant risk detected.,No immediate action required.,SYSTEM,2026-09-16 08:00:00
196,196,1,0,LOW,No significant risk detected.,No immediate action required.,SYSTEM,2026-09-16 08:00:00
197,197,1,15,LOW,High workload detected,No immediate action required.,SYSTEM,2026-09-16 08:00:00
198,198,1,0,LOW,No significant risk detected.,No immediate action required.,SYSTEM,2026-09-16 08:00:00
199,199,1,0,LOW,No significant risk detected.,No immediate action required.,SYSTEM,2026-09-16 08:00:00
200,200,1,15,LOW,High workload detected,No immediate action required.,SYSTEM,2026-09-16 08:00:00
201,201,1,0,LOW,No significant risk detected.,No immediate action required.,SYSTEM,2026-09-16 08:00:00
202,202,1,0,LOW,No significant risk detected.,No immediate action required.,SYSTEM,2026-09-16 08:00:00
203,203,1,0,LOW,No significant risk detected.,No immediate action required.,SYSTEM,2026-09-16 08:00:00
204,204,1,0,LOW,No significant risk detected.,No immediate action required.,SYSTEM,2026-09-16 08:00:00
205,205,1,15,LOW,High workload detected,No immediate action required.,SYSTEM,2026-09-16 08:00:00
206,206,1,0,LOW,No significant risk detected.,No immediate action required.,SYSTEM,2026-09-16 08:00:00
207,207,1,0,LOW,No significant risk detected.,No immediate action required.,SYSTEM,2026-09-16 08:00:00
208,208,1,0,LOW,No significant risk detected.,No immediate action required.,SYSTEM,2026-09-16 08:00:00
209,209,1,0,LOW,No significant risk detected.,No immediate action required.,SYSTEM,2026-09-16 08:00:00
210,210,1,0,LOW,No significant risk detected.,No immediate action required.,SYSTEM,2026-09-16 08:00:00
211,211,1,0,LOW,No significant risk detected.,No immediate action required.,SYSTEM,2026-09-16 08:00:00
212,212,1,50,MEDIUM,Staffing coverage below requirement; Senior staff coverage insufficient,Review staffing before shift start.,SYSTEM,2026-09-16 08:00:00
213,213,1,30,MEDIUM,Staffing coverage below requirement,Review staffing before shift start.,SYSTEM,2026-09-16 08:00:00
214,214,1,0,LOW,No significant risk detected.,No immediate action required.,SYSTEM,2026-09-16 08:00:00
215,215,1,15,LOW,High workload detected,No immediate action required.,SYSTEM,2026-09-16 08:00:00
216,216,1,0,LOW,No significant risk detected.,No immediate action required.,SYSTEM,2026-09-16 08:00:00
217,217,1,0,LOW,No significant risk detected.,No immediate action required.,SYSTEM,2026-09-16 08:00:00
218,218,1,0,LOW,No significant risk detected.,No immediate action required.,SYSTEM,2026-09-16 08:00:00
219,219,1,0,LOW,No significant risk detected.,No immediate action required.,SYSTEM,2026-09-16 08:00:00
220,220,1,45,MEDIUM,Staffing coverage below requirement; High workload detected,Review staffing before shift start.,SYSTEM,2026-09-16 08:00:00
221,221,1,65,HIGH,Staffing coverage below requirement; Senior staff coverage insufficient; High workload detected,Assign qualified staff and review coverage before shift start.,SYSTEM,2026-09-16 08:00:00
222,222,1,65,HIGH,Staffing coverage below requirement; Senior staff coverage insufficient; High workload detected,Assign qualified staff and review coverage before shift start.,SYSTEM,2026-09-16 08:00:00
223,223,1,65,HIGH,Staffing coverage below requirement; Senior staff coverage insufficient; High workload detected,Assign qualified staff and review coverage before shift start.,SYSTEM,2026-09-16 08:00:00
224,224,1,0,LOW,No significant risk detected.,No immediate action required.,SYSTEM,2026-09-16 08:00:00
225,225,1,0,LOW,No significant risk detected.,No immediate action required.,SYSTEM,2026-09-16 08:00:00
226,226,1,15,LOW,High workload detected,No immediate action required.,SYSTEM,2026-09-16 08:00:00
227,227,1,0,LOW,No significant risk detected.,No immediate action required.,SYSTEM,2026-09-16 08:00:00
228,228,1,15,LOW,High workload detected,No immediate action required.,SYSTEM,2026-09-16 08:00:00
229,229,1,0,LOW,No significant risk detected.,No immediate action required.,SYSTEM,2026-09-16 08:00:00
230,230,1,0,LOW,No significant risk detected.,No immediate action required.,SYSTEM,2026-09-16 08:00:00
231,231,1,0,LOW,No significant risk detected.,No immediate action required.,SYSTEM,2026-09-16 08:00:00
232,232,1,45,MEDIUM,Staffing coverage below requirement; High workload detected,Review staffing before shift start.,SYSTEM,2026-09-16 08:00:00
233,233,1,15,LOW,High workload detected,No immediate action required.,SYSTEM,2026-09-16 08:00:00
234,234,1,15,LOW,High workload detected,No immediate action required.,SYSTEM,2026-09-16 08:00:00
235,235,1,0,LOW,No significant risk detected.,No immediate action required.,SYSTEM,2026-09-16 08:00:00
236,236,1,0,LOW,No significant risk detected.,No immediate action required.,SYSTEM,2026-09-16 08:00:00
237,237,1,45,MEDIUM,Staffing coverage below requirement; High workload detected,Review staffing before shift start.,SYSTEM,2026-09-16 08:00:00
238,238,1,15,LOW,High workload detected,No immediate action required.,SYSTEM,2026-09-16 08:00:00
239,239,1,30,MEDIUM,Staffing coverage below requirement,Review staffing before shift start.,SYSTEM,2026-09-16 08:00:00
240,240,1,15,LOW,High workload detected,No immediate action required.,SYSTEM,2026-09-16 08:00:00
241,241,1,45,MEDIUM,Staffing coverage below requirement; High workload detected,Review staffing before shift start.,SYSTEM,2026-09-16 08:00:00
242,242,1,50,MEDIUM,Staffing coverage below requirement; Senior staff coverage insufficient,Review staffing before shift start.,SYSTEM,2026-09-16 08:00:00
243,243,1,0,LOW,No significant risk detected.,No immediate action required.,SYSTEM,2026-09-16 08:00:00
244,244,1,30,MEDIUM,Staffing coverage below requirement,Review staffing before shift start.,SYSTEM,2026-09-16 08:00:00
245,245,1,0,LOW,No significant risk detected.,No immediate action required.,SYSTEM,2026-09-16 08:00:00
246,246,1,0,LOW,No significant risk detected.,No immediate action required.,SYSTEM,2026-09-16 08:00:00
247,247,1,0,LOW,No significant risk detected.,No immediate action required.,SYSTEM,2026-09-16 08:00:00
248,248,1,0,LOW,No significant risk detected.,No immediate action required.,SYSTEM,2026-09-16 08:00:00
249,249,1,0,LOW,No significant risk detected.,No immediate action required.,SYSTEM,2026-09-16 08:00:00
250,250,1,0,LOW,No significant risk detected.,No immediate action required.,SYSTEM,2026-09-16 08:00:00
251,251,1,0,LOW,No significant risk detected.,No immediate action required.,SYSTEM,2026-09-16 08:00:00
252,252,1,0,LOW,No significant risk detected.,No immediate action required.,SYSTEM,2026-09-16 08:00:00
253,253,1,0,LOW,No significant risk detected.,No immediate action required.,SYSTEM,2026-09-16 08:00:00
254,254,1,50,MEDIUM,Staffing coverage below requirement; Senior staff coverage insufficient,Review staffing before shift start.,SYSTEM,2026-09-16 08:00:00
255,255,1,0,LOW,No significant risk detected.,No immediate action required.,SYSTEM,2026-09-16 08:00:00
256,256,1,0,LOW,No significant risk detected.,No immediate action required.,SYSTEM,2026-09-16 08:00:00
257,257,1,0,LOW,No significant risk detected.,No immediate action required.,SYSTEM,2026-09-16 08:00:00
258,258,1,0,LOW,No significant risk detected.,No immediate action required.,SYSTEM,2026-09-16 08:00:00
259,259,1,0,LOW,No significant risk detected.,No immediate action required.,SYSTEM,2026-09-16 08:00:00
260,260,1,0,LOW,No significant risk detected.,No immediate action required.,SYSTEM,2026-09-16 08:00:00
261,261,1,0,LOW,No significant risk detected.,No immediate action required.,SYSTEM,2026-09-16 08:00:00
262,262,1,0,LOW,No significant risk detected.,No immediate action required.,SYSTEM,2026-09-16 08:00:00
263,263,1,0,LOW,No significant risk detected.,No immediate action required.,SYSTEM,2026-09-16 08:00:00
264,264,1,0,LOW,No significant risk detected.,No immediate action required.,SYSTEM,2026-09-16 08:00:00
265,265,1,15,LOW,High workload detected,No immediate action required.,SYSTEM,2026-09-16 08:00:00
266,266,1,15,LOW,High workload detected,No immediate action required.,SYSTEM,2026-09-16 08:00:00
267,267,1,0,LOW,No significant risk detected.,No immediate action required.,SYSTEM,2026-09-16 08:00:00
268,268,1,15,LOW,High workload detected,No immediate action required.,SYSTEM,2026-09-16 08:00:00
269,269,1,15,LOW,High workload detected,No immediate action required.,SYSTEM,2026-09-16 08:00:00
270,270,1,0,LOW,No significant risk detected.,No immediate action required.,SYSTEM,2026-09-16 08:00:00
271,271,1,0,LOW,No significant risk detected.,No immediate action required.,SYSTEM,2026-09-16 08:00:00
272,272,1,15,LOW,High workload detected,No immediate action required.,SYSTEM,2026-09-16 08:00:00
273,273,1,30,MEDIUM,Staffing coverage below requirement,Review staffing before shift start.,SYSTEM,2026-09-16 08:00:00
274,274,1,0,LOW,No significant risk detected.,No immediate action required.,SYSTEM,2026-09-16 08:00:00
275,275,1,0,LOW,No significant risk detected.,No immediate action required.,SYSTEM,2026-09-16 08:00:00
276,276,1,15,LOW,High workload detected,No immediate action required.,SYSTEM,2026-09-16 08:00:00
277,277,1,45,MEDIUM,Staffing coverage below requirement; High workload detected,Review staffing before shift start.,SYSTEM,2026-09-16 08:00:00
278,278,1,15,LOW,High workload detected,No immediate action required.,SYSTEM,2026-09-16 08:00:00
279,279,1,0,LOW,No significant risk detected.,No immediate action required.,SYSTEM,2026-09-16 08:00:00
280,280,1,0,LOW,No significant risk detected.,No immediate action required.,SYSTEM,2026-09-16 08:00:00
281,281,1,0,LOW,No significant risk detected.,No immediate action required.,SYSTEM,2026-09-16 08:00:00
282,282,1,0,LOW,No significant risk detected.,No immediate action required.,SYSTEM,2026-09-16 08:00:00
283,283,1,0,LOW,No significant risk detected.,No immediate action required.,SYSTEM,2026-09-16 08:00:00
284,284,1,0,LOW,No significant risk detected.,No immediate action required.,SYSTEM,2026-09-16 08:00:00
285,285,1,15,LOW,High workload detected,No immediate action required.,SYSTEM,2026-09-16 08:00:00
286,286,1,0,LOW,No significant risk detected.,No immediate action required.,SYSTEM,2026-09-16 08:00:00
287,287,1,0,LOW,No significant risk detected.,No immediate action required.,SYSTEM,2026-09-16 08:00:00
288,288,1,0,LOW,No significant risk detected.,No immediate action required.,SYSTEM,2026-09-16 08:00:00
289,289,1,50,MEDIUM,Staffing coverage below requirement; Senior staff coverage insufficient,Review staffing before shift start.,SYSTEM,2026-09-16 08:00:00
290,290,1,0,LOW,No significant risk detected.,No immediate action required.,SYSTEM,2026-09-16 08:00:00
291,291,1,15,LOW,High workload detected,No immediate action required.,SYSTEM,2026-09-16 08:00:00
292,292,1,0,LOW,No significant risk detected.,No immediate action required.,SYSTEM,2026-09-16 08:00:00
293,293,1,0,LOW,No significant risk detected.,No immediate action required.,SYSTEM,2026-09-16 08:00:00
294,294,1,0,LOW,No significant risk detected.,No immediate action required.,SYSTEM,2026-09-16 08:00:00
295,295,1,0,LOW,No significant risk detected.,No immediate action required.,SYSTEM,2026-09-16 08:00:00
296,296,1,0,LOW,No significant risk detected.,No immediate action required.,SYSTEM,2026-09-16 08:00:00
297,297,1,0,LOW,No significant risk detected.,No immediate action required.,SYSTEM,2026-09-16 08:00:00
298,298,1,0,LOW,No significant risk detected.,No immediate action required.,SYSTEM,2026-09-16 08:00:00
299,299,1,0,LOW,No significant risk detected.,No immediate action required.,SYSTEM,2026-09-16 08:00:00
300,300,1,0,LOW,No significant risk detected.,No immediate action required.,SYSTEM,2026-09-16 08:00:00
301,301,1,50,MEDIUM,Staffing coverage below requirement; Senior staff coverage insufficient,Review staffing before shift start.,SYSTEM,2026-09-16 08:00:00
302,302,1,50,MEDIUM,Staffing coverage below requirement; Senior staff coverage insufficient,Review staffing before shift start.,SYSTEM,2026-09-16 08:00:00
303,303,1,15,LOW,High workload detected,No immediate action required.,SYSTEM,2026-09-16 08:00:00
304,304,1,0,LOW,No significant risk detected.,No immediate action required.,SYSTEM,2026-09-16 08:00:00
305,305,1,0,LOW,No significant risk detected.,No immediate action required.,SYSTEM,2026-09-16 08:00:00
306,306,1,0,LOW,No significant risk detected.,No immediate action required.,SYSTEM,2026-09-16 08:00:00
307,307,1,0,LOW,No significant risk detected.,No immediate action required.,SYSTEM,2026-09-16 08:00:00
308,308,1,15,LOW,High workload detected,No immediate action required.,SYSTEM,2026-09-16 08:00:00
309,309,1,30,MEDIUM,Staffing coverage below requirement,Review staffing before shift start.,SYSTEM,2026-09-16 08:00:00
310,310,1,15,LOW,High workload detected,No immediate action required.,SYSTEM,2026-09-16 08:00:00
311,311,1,0,LOW,No significant risk detected.,No immediate action required.,SYSTEM,2026-09-16 08:00:00
312,312,1,0,LOW,No significant risk detected.,No immediate action required.,SYSTEM,2026-09-16 08:00:00
313,313,1,30,MEDIUM,Staffing coverage below requirement,Review staffing before shift start.,SYSTEM,2026-09-16 08:00:00
314,314,1,15,LOW,High workload detected,No immediate action required.,SYSTEM,2026-09-16 08:00:00
315,315,1,15,LOW,High workload detected,No immediate action required.,SYSTEM,2026-09-16 08:00:00
316,316,1,0,LOW,No significant risk detected.,No immediate action required.,SYSTEM,2026-09-16 08:00:00
317,317,1,0,LOW,No significant risk detected.,No immediate action required.,SYSTEM,2026-09-16 08:00:00
318,318,1,0,LOW,No significant risk detected.,No immediate action required.,SYSTEM,2026-09-16 08:00:00
319,319,1,0,LOW,No significant risk detected.,No immediate action required.,SYSTEM,2026-09-16 08:00:00
320,320,1,0,LOW,No significant risk detected.,No immediate action required.,SYSTEM,2026-09-16 08:00:00
321,321,1,0,LOW,No significant risk detected.,No immediate action required.,SYSTEM,2026-09-16 08:00:00
322,322,1,15,LOW,High workload detected,No immediate action required.,SYSTEM,2026-09-16 08:00:00
323,323,1,0,LOW,No significant risk detected.,No immediate action required.,SYSTEM,2026-09-16 08:00:00
324,324,1,15,LOW,High workload detected,No immediate action required.,SYSTEM,2026-09-16 08:00:00
325,325,1,0,LOW,No significant risk detected.,No immediate action required.,SYSTEM,2026-09-16 08:00:00
326,326,1,15,LOW,High workload detected,No immediate action required.,SYSTEM,2026-09-16 08:00:00
327,327,1,0,LOW,No significant risk detected.,No immediate action required.,SYSTEM,2026-09-16 08:00:00
328,328,1,30,MEDIUM,Staffing coverage below requirement,Review staffing before shift start.,SYSTEM,2026-09-16 08:00:00
329,329,1,0,LOW,No significant risk detected.,No immediate action required.,SYSTEM,2026-09-16 08:00:00
330,330,1,0,LOW,No significant risk detected.,No immediate action required.,SYSTEM,2026-09-16 08:00:00
331,331,1,15,LOW,High workload detected,No immediate action required.,SYSTEM,2026-09-16 08:00:00
332,332,1,15,LOW,High workload detected,No immediate action required.,SYSTEM,2026-09-16 08:00:00
333,333,1,30,MEDIUM,Staffing coverage below requirement,Review staffing before shift start.,SYSTEM,2026-09-16 08:00:00
334,334,1,15,LOW,High workload detected,No immediate action required.,SYSTEM,2026-09-16 08:00:00
335,335,1,0,LOW,No significant risk detected.,No immediate action required.,SYSTEM,2026-09-16 08:00:00
336,336,1,0,LOW,No significant risk detected.,No immediate action required.,SYSTEM,2026-09-16 08:00:00
337,337,1,0,LOW,No significant risk detected.,No immediate action required.,SYSTEM,2026-09-16 08:00:00
338,338,1,15,LOW,High workload detected,No immediate action required.,SYSTEM,2026-09-16 08:00:00
339,339,1,0,LOW,No significant risk detected.,No immediate action required.,SYSTEM,2026-09-16 08:00:00
340,340,1,0,LOW,No significant risk detected.,No immediate action required.,SYSTEM,2026-09-16 08:00:00
341,341,1,65,HIGH,Staffing coverage below requirement; Senior staff coverage insufficient; High workload detected,Assign qualified staff and review coverage before shift start.,SYSTEM,2026-09-16 08:00:00
342,342,1,0,LOW,No significant risk detected.,No immediate action required.,SYSTEM,2026-09-16 08:00:00
343,343,1,0,LOW,No significant risk detected.,No immediate action required.,SYSTEM,2026-09-16 08:00:00
344,344,1,15,LOW,High workload detected,No immediate action required.,SYSTEM,2026-09-16 08:00:00
345,345,1,30,MEDIUM,Staffing coverage below requirement,Review staffing before shift start.,SYSTEM,2026-09-16 08:00:00
346,346,1,15,LOW,High workload detected,No immediate action required.,SYSTEM,2026-09-16 08:00:00
347,347,1,45,MEDIUM,Staffing coverage below requirement; High workload detected,Review staffing before shift start.,SYSTEM,2026-09-16 08:00:00
348,348,1,0,LOW,No significant risk detected.,No immediate action required.,SYSTEM,2026-09-16 08:00:00
349,349,1,50,MEDIUM,Staffing coverage below requirement; Senior staff coverage insufficient,Review staffing before shift start.,SYSTEM,2026-09-16 08:00:00
350,350,1,0,LOW,No significant risk detected.,No immediate action required.,SYSTEM,2026-09-16 08:00:00
351,351,1,0,LOW,No significant risk detected.,No immediate action required.,SYSTEM,2026-09-16 08:00:00
352,352,1,15,LOW,High workload detected,No immediate action required.,SYSTEM,2026-09-16 08:00:00
353,353,1,0,LOW,No significant risk detected.,No immediate action required.,SYSTEM,2026-09-16 08:00:00
354,354,1,0,LOW,No significant risk detected.,No immediate action required.,SYSTEM,2026-09-16 08:00:00
355,355,1,15,LOW,High workload detected,No immediate action required.,SYSTEM,2026-09-16 08:00:00
356,356,1,0,LOW,No significant risk detected.,No immediate action required.,SYSTEM,2026-09-16 08:00:00
357,357,1,0,LOW,No significant risk detected.,No immediate action required.,SYSTEM,2026-09-16 08:00:00
358,358,1,0,LOW,No significant risk detected.,No immediate action required.,SYSTEM,2026-09-16 08:00:00
359,359,1,0,LOW,No significant risk detected.,No immediate action required.,SYSTEM,2026-09-16 08:00:00
360,360,1,0,LOW,No significant risk detected.,No immediate action required.,SYSTEM,2026-09-16 08:00:00
361,361,1,0,LOW,No significant risk detected.,No immediate action required.,SYSTEM,2026-09-16 08:00:00
362,362,1,50,MEDIUM,Staffing coverage below requirement; Senior staff coverage insufficient,Review staffing before shift start.,SYSTEM,2026-09-16 08:00:00
363,363,1,0,LOW,No significant risk detected.,No immediate action required.,SYSTEM,2026-09-16 08:00:00
364,364,1,15,LOW,High workload detected,No immediate action required.,SYSTEM,2026-09-16 08:00:00
365,365,1,0,LOW,No significant risk detected.,No immediate action required.,SYSTEM,2026-09-16 08:00:00
366,366,1,0,LOW,No significant risk detected.,No immediate action required.,SYSTEM,2026-09-16 08:00:00
367,367,1,0,LOW,No significant risk detected.,No immediate action required.,SYSTEM,2026-09-16 08:00:00
368,368,1,15,LOW,High workload detected,No immediate action required.,SYSTEM,2026-09-16 08:00:00
369,369,1,0,LOW,No significant risk detected.,No immediate action required.,SYSTEM,2026-09-16 08:00:00
370,370,1,50,MEDIUM,Staffing coverage below requirement; Senior staff coverage insufficient,Review staffing before shift start.,SYSTEM,2026-09-16 08:00:00
371,371,1,0,LOW,No significant risk detected.,No immediate action required.,SYSTEM,2026-09-16 08:00:00
372,372,1,15,LOW,High workload detected,No immediate action required.,SYSTEM,2026-09-16 08:00:00
373,373,1,65,HIGH,Staffing coverage below requirement; Senior staff coverage insufficient; High workload detected,Assign qualified staff and review coverage before shift start.,SYSTEM,2026-09-16 08:00:00
374,374,1,50,MEDIUM,Staffing coverage below requirement; Senior staff coverage insufficient,Review staffing before shift start.,SYSTEM,2026-09-16 08:00:00
375,375,1,30,MEDIUM,Staffing coverage below requirement,Review staffing before shift start.,SYSTEM,2026-09-16 08:00:00
376,376,1,15,LOW,High workload detected,No immediate action required.,SYSTEM,2026-09-16 08:00:00
377,377,1,0,LOW,No significant risk detected.,No immediate action required.,SYSTEM,2026-09-16 08:00:00
378,378,1,0,LOW,No significant risk detected.,No immediate action required.,SYSTEM,2026-09-16 08:00:00
379,379,1,0,LOW,No significant risk detected.,No immediate action required.,SYSTEM,2026-09-16 08:00:00
380,380,1,0,LOW,No significant risk detected.,No immediate action required.,SYSTEM,2026-09-16 08:00:00
381,381,1,0,LOW,No significant risk detected.,No immediate action required.,SYSTEM,2026-09-16 08:00:00
382,382,1,0,LOW,No significant risk detected.,No immediate action required.,SYSTEM,2026-09-16 08:00:00
383,383,1,0,LOW,No significant risk detected.,No immediate action required.,SYSTEM,2026-09-16 08:00:00
384,384,1,15,LOW,High workload detected,No immediate action required.,SYSTEM,2026-09-16 08:00:00
385,385,1,15,LOW,High workload detected,No immediate action required.,SYSTEM,2026-09-16 08:00:00
386,386,1,0,LOW,No significant risk detected.,No immediate action required.,SYSTEM,2026-09-16 08:00:00
387,387,1,0,LOW,No significant risk detected.,No immediate action required.,SYSTEM,2026-09-16 08:00:00
388,388,1,0,LOW,No significant risk detected.,No immediate action required.,SYSTEM,2026-09-16 08:00:00
389,389,1,0,LOW,No significant risk detected.,No immediate action required.,SYSTEM,2026-09-16 08:00:00
390,390,1,0,LOW,No significant risk detected.,No immediate action required.,SYSTEM,2026-09-16 08:00:00
391,391,1,65,HIGH,Staffing coverage below requirement; Senior staff coverage insufficient; High workload detected,Assign qualified staff and review coverage before shift start.,SYSTEM,2026-09-16 08:00:00
392,392,1,0,LOW,No significant risk detected.,No immediate action required.,SYSTEM,2026-09-16 08:00:00
393,393,1,15,LOW,High workload detected,No immediate action required.,SYSTEM,2026-09-16 08:00:00
394,394,1,15,LOW,High workload detected,No immediate action required.,SYSTEM,2026-09-16 08:00:00
395,395,1,15,LOW,High workload detected,No immediate action required.,SYSTEM,2026-09-16 08:00:00
396,396,1,0,LOW,No significant risk detected.,No immediate action required.,SYSTEM,2026-09-16 08:00:00
397,397,1,15,LOW,High workload detected,No immediate action required.,SYSTEM,2026-09-16 08:00:00
398,398,1,0,LOW,No significant risk detected.,No immediate action required.,SYSTEM,2026-09-16 08:00:00
399,399,1,0,LOW,No significant risk detected.,No immediate action required.,SYSTEM,2026-09-16 08:00:00
400,400,1,15,LOW,High workload detected,No immediate action required.,SYSTEM,2026-09-16 08:00:00
401,401,1,50,MEDIUM,Staffing coverage below requirement; Senior staff coverage insufficient,Review staffing before shift start.,SYSTEM,2026-09-16 08:00:00
402,402,1,0,LOW,No significant risk detected.,No immediate action required.,SYSTEM,2026-09-16 08:00:00
403,403,1,0,LOW,No significant risk detected.,No immediate action required.,SYSTEM,2026-09-16 08:00:00
404,404,1,0,LOW,No significant risk detected.,No immediate action required.,SYSTEM,2026-09-16 08:00:00
405,405,1,15,LOW,High workload detected,No immediate action required.,SYSTEM,2026-09-16 08:00:00
406,406,1,0,LOW,No significant risk detected.,No immediate action required.,SYSTEM,2026-09-16 08:00:00
407,407,1,0,LOW,No significant risk detected.,No immediate action required.,SYSTEM,2026-09-16 08:00:00
408,408,1,50,MEDIUM,Staffing coverage below requirement; Senior staff coverage insufficient,Review staffing before shift start.,SYSTEM,2026-09-16 08:00:00
409,409,1,0,LOW,No significant risk detected.,No immediate action required.,SYSTEM,2026-09-16 08:00:00
410,410,1,15,LOW,High workload detected,No immediate action required.,SYSTEM,2026-09-16 08:00:00
411,411,1,0,LOW,No significant risk detected.,No immediate action required.,SYSTEM,2026-09-16 08:00:00
412,412,1,0,LOW,No significant risk detected.,No immediate action required.,SYSTEM,2026-09-16 08:00:00
413,413,1,0,LOW,No significant risk detected.,No immediate action required.,SYSTEM,2026-09-16 08:00:00
414,414,1,0,LOW,No significant risk detected.,No immediate action required.,SYSTEM,2026-09-16 08:00:00
415,415,1,0,LOW,No significant risk detected.,No immediate action required.,SYSTEM,2026-09-16 08:00:00
416,416,1,30,MEDIUM,Staffing coverage below requirement,Review staffing before shift start.,SYSTEM,2026-09-16 08:00:00
417,417,1,0,LOW,No significant risk detected.,No immediate action required.,SYSTEM,2026-09-16 08:00:00
418,418,1,0,LOW,No significant risk detected.,No immediate action required.,SYSTEM,2026-09-16 08:00:00
419,419,1,15,LOW,High workload detected,No immediate action required.,SYSTEM,2026-09-16 08:00:00
420,420,1,0,LOW,No significant risk detected.,No immediate action required.,SYSTEM,2026-09-16 08:00:00
421,421,1,0,LOW,No significant risk detected.,No immediate action required.,SYSTEM,2026-09-16 08:00:00
422,422,1,15,LOW,High workload detected,No immediate action required.,SYSTEM,2026-09-16 08:00:00
423,423,1,0,LOW,No significant risk detected.,No immediate action required.,SYSTEM,2026-09-16 08:00:00
424,424,1,15,LOW,High workload detected,No immediate action required.,SYSTEM,2026-09-16 08:00:00
425,425,1,0,LOW,No significant risk detected.,No immediate action required.,SYSTEM,2026-09-16 08:00:00
426,426,1,50,MEDIUM,Staffing coverage below requirement; Senior staff coverage insufficient,Review staffing before shift start.,SYSTEM,2026-09-16 08:00:00
427,427,1,65,HIGH,Staffing coverage below requirement; Senior staff coverage insufficient; High workload detected,Assign qualified staff and review coverage before shift start.,SYSTEM,2026-09-16 08:00:00
428,428,1,0,LOW,No significant risk detected.,No immediate action required.,SYSTEM,2026-09-16 08:00:00
429,429,1,0,LOW,No significant risk detected.,No immediate action required.,SYSTEM,2026-09-16 08:00:00
430,430,1,0,LOW,No significant risk detected.,No immediate action required.,SYSTEM,2026-09-16 08:00:00
431,431,1,50,MEDIUM,Staffing coverage below requirement; Senior staff coverage insufficient,Review staffing before shift start.,SYSTEM,2026-09-16 08:00:00
432,432,1,65,HIGH,Staffing coverage below requirement; Senior staff coverage insufficient; High workload detected,Assign qualified staff and review coverage before shift start.,SYSTEM,2026-09-16 08:00:00
433,433,1,0,LOW,No significant risk detected.,No immediate action required.,SYSTEM,2026-09-16 08:00:00
434,434,1,0,LOW,No significant risk detected.,No immediate action required.,SYSTEM,2026-09-16 08:00:00
435,435,1,15,LOW,High workload detected,No immediate action required.,SYSTEM,2026-09-16 08:00:00
436,436,1,0,LOW,No significant risk detected.,No immediate action required.,SYSTEM,2026-09-16 08:00:00
437,437,1,0,LOW,No significant risk detected.,No immediate action required.,SYSTEM,2026-09-16 08:00:00
438,438,1,0,LOW,No significant risk detected.,No immediate action required.,SYSTEM,2026-09-16 08:00:00
439,439,1,0,LOW,No significant risk detected.,No immediate action required.,SYSTEM,2026-09-16 08:00:00
440,440,1,0,LOW,No significant risk detected.,No immediate action required.,SYSTEM,2026-09-16 08:00:00
441,441,1,15,LOW,High workload detected,No immediate action required.,SYSTEM,2026-09-16 08:00:00
442,442,1,0,LOW,No significant risk detected.,No immediate action required.,SYSTEM,2026-09-16 08:00:00
443,443,1,0,LOW,No significant risk detected.,No immediate action required.,SYSTEM,2026-09-16 08:00:00
444,444,1,0,LOW,No significant risk detected.,No immediate action required.,SYSTEM,2026-09-16 08:00:00
445,445,1,0,LOW,No significant risk detected.,No immediate action required.,SYSTEM,2026-09-16 08:00:00
446,446,1,0,LOW,No significant risk detected.,No immediate action required.,SYSTEM,2026-09-16 08:00:00
447,447,1,50,MEDIUM,Staffing coverage below requirement; Senior staff coverage insufficient,Review staffing before shift start.,SYSTEM,2026-09-16 08:00:00
448,448,1,0,LOW,No significant risk detected.,No immediate action required.,SYSTEM,2026-09-16 08:00:00
449,449,1,15,LOW,High workload detected,No immediate action required.,SYSTEM,2026-09-16 08:00:00
450,450,1,0,LOW,No significant risk detected.,No immediate action required.,SYSTEM,2026-09-16 08:00:00
451,451,1,50,MEDIUM,Staffing coverage below requirement; Senior staff coverage insufficient,Review staffing before shift start.,SYSTEM,2026-09-16 08:00:00
452,452,1,0,LOW,No significant risk detected.,No immediate action required.,SYSTEM,2026-09-16 08:00:00
453,453,1,78,HIGH,Staffing coverage below requirement; Senior staff coverage insufficient; High workload detected,Assign one qualified senior staff member and one additional qualified staff member.,SYSTEM,2026-09-16 08:00:00
454,454,1,0,LOW,No significant risk detected.,No immediate action required.,SYSTEM,2026-09-16 08:00:00
455,455,1,15,LOW,High workload detected,No immediate action required.,SYSTEM,2026-09-16 08:00:00
456,456,1,0,LOW,No significant risk detected.,No immediate action required.,SYSTEM,2026-09-16 08:00:00
457,457,1,30,MEDIUM,Staffing coverage below requirement,Review staffing before shift start.,SYSTEM,2026-09-16 08:00:00
458,458,1,15,LOW,High workload detected,No immediate action required.,SYSTEM,2026-09-16 08:00:00
459,459,1,15,LOW,High workload detected,No immediate action required.,SYSTEM,2026-09-16 08:00:00
460,460,1,0,LOW,No significant risk detected.,No immediate action required.,SYSTEM,2026-09-16 08:00:00
461,461,1,15,LOW,High workload detected,No immediate action required.,SYSTEM,2026-09-16 08:00:00
462,462,1,0,LOW,No significant risk detected.,No immediate action required.,SYSTEM,2026-09-16 08:00:00
463,463,1,0,LOW,No significant risk detected.,No immediate action required.,SYSTEM,2026-09-16 08:00:00
464,464,1,0,LOW,No significant risk detected.,No immediate action required.,SYSTEM,2026-09-16 08:00:00
465,465,1,0,LOW,No significant risk detected.,No immediate action required.,SYSTEM,2026-09-16 08:00:00
466,466,1,0,LOW,No significant risk detected.,No immediate action required.,SYSTEM,2026-09-16 08:00:00
467,467,1,15,LOW,High workload detected,No immediate action required.,SYSTEM,2026-09-16 08:00:00
468,468,1,30,MEDIUM,Staffing coverage below requirement,Review staffing before shift start.,SYSTEM,2026-09-16 08:00:00
469,469,1,0,LOW,No significant risk detected.,No immediate action required.,SYSTEM,2026-09-16 08:00:00
470,470,1,0,LOW,No significant risk detected.,No immediate action required.,SYSTEM,2026-09-16 08:00:00
471,471,1,15,LOW,High workload detected,No immediate action required.,SYSTEM,2026-09-16 08:00:00
472,472,1,0,LOW,No significant risk detected.,No immediate action required.,SYSTEM,2026-09-16 08:00:00
473,473,1,0,LOW,No significant risk detected.,No immediate action required.,SYSTEM,2026-09-16 08:00:00
474,474,1,15,LOW,High workload detected,No immediate action required.,SYSTEM,2026-09-16 08:00:00
475,475,1,0,LOW,No significant risk detected.,No immediate action required.,SYSTEM,2026-09-16 08:00:00
476,476,1,50,MEDIUM,Staffing coverage below requirement; Senior staff coverage insufficient,Review staffing before shift start.,SYSTEM,2026-09-16 08:00:00
477,477,1,0,LOW,No significant risk detected.,No immediate action required.,SYSTEM,2026-09-16 08:00:00
478,478,1,30,MEDIUM,Staffing coverage below requirement,Review staffing before shift start.,SYSTEM,2026-09-16 08:00:00
479,479,1,45,MEDIUM,Staffing coverage below requirement; High workload detected,Review staffing before shift start.,SYSTEM,2026-09-16 08:00:00
480,480,1,0,LOW,No significant risk detected.,No immediate action required.,SYSTEM,2026-09-16 08:00:00
481,481,1,50,MEDIUM,Staffing coverage below requirement; Senior staff coverage insufficient,Review staffing before shift start.,SYSTEM,2026-09-16 08:00:00
482,482,1,0,LOW,No significant risk detected.,No immediate action required.,SYSTEM,2026-09-16 08:00:00
483,483,1,0,LOW,No significant risk detected.,No immediate action required.,SYSTEM,2026-09-16 08:00:00
484,484,1,30,MEDIUM,Staffing coverage below requirement,Review staffing before shift start.,SYSTEM,2026-09-16 08:00:00
485,485,1,0,LOW,No significant risk detected.,No immediate action required.,SYSTEM,2026-09-16 08:00:00
486,486,1,0,LOW,No significant risk detected.,No immediate action required.,SYSTEM,2026-09-16 08:00:00
487,487,1,0,LOW,No significant risk detected.,No immediate action required.,SYSTEM,2026-09-16 08:00:00
488,488,1,15,LOW,High workload detected,No immediate action required.,SYSTEM,2026-09-16 08:00:00
489,489,1,15,LOW,High workload detected,No immediate action required.,SYSTEM,2026-09-16 08:00:00
490,490,1,15,LOW,High workload detected,No immediate action required.,SYSTEM,2026-09-16 08:00:00
491,491,1,15,LOW,High workload detected,No immediate action required.,SYSTEM,2026-09-16 08:00:00
492,492,1,15,LOW,High workload detected,No immediate action required.,SYSTEM,2026-09-16 08:00:00
493,493,1,15,LOW,High workload detected,No immediate action required.,SYSTEM,2026-09-16 08:00:00
494,494,1,0,LOW,No significant risk detected.,No immediate action required.,SYSTEM,2026-09-16 08:00:00
495,495,1,0,LOW,No significant risk detected.,No immediate action required.,SYSTEM,2026-09-16 08:00:00
496,496,1,0,LOW,No significant risk detected.,No immediate action required.,SYSTEM,2026-09-16 08:00:00
497,497,1,0,LOW,No significant risk detected.,No immediate action required.,SYSTEM,2026-09-16 08:00:00
498,498,1,30,MEDIUM,Staffing coverage below requirement,Review staffing before shift start.,SYSTEM,2026-09-16 08:00:00
499,499,1,0,LOW,No significant risk detected.,No immediate action required.,SYSTEM,2026-09-16 08:00:00
500,500,1,65,HIGH,Staffing coverage below requirement; Senior staff coverage insufficient; High workload detected,Assign qualified staff and review coverage before shift start.,SYSTEM,2026-09-16 08:00:00
501,501,1,50,MEDIUM,Staffing coverage below requirement; Senior staff coverage insufficient,Review staffing before shift start.,SYSTEM,2026-09-16 08:00:00
502,502,1,15,LOW,High workload detected,No immediate action required.,SYSTEM,2026-09-16 08:00:00
503,503,1,0,LOW,No significant risk detected.,No immediate action required.,SYSTEM,2026-09-16 08:00:00
504,504,1,0,LOW,No significant risk detected.,No immediate action required.,SYSTEM,2026-09-16 08:00:00
505,505,1,15,LOW,High workload detected,No immediate action required.,SYSTEM,2026-09-16 08:00:00
506,506,1,0,LOW,No significant risk detected.,No immediate action required.,SYSTEM,2026-09-16 08:00:00
507,507,1,0,LOW,No significant risk detected.,No immediate action required.,SYSTEM,2026-09-16 08:00:00
508,508,1,0,LOW,No significant risk detected.,No immediate action required.,SYSTEM,2026-09-16 08:00:00
509,509,1,0,LOW,No significant risk detected.,No immediate action required.,SYSTEM,2026-09-16 08:00:00
510,510,1,15,LOW,High workload detected,No immediate action required.,SYSTEM,2026-09-16 08:00:00
511,511,1,15,LOW,High workload detected,No immediate action required.,SYSTEM,2026-09-16 08:00:00
512,512,1,0,LOW,No significant risk detected.,No immediate action required.,SYSTEM,2026-09-16 08:00:00
513,513,1,15,LOW,High workload detected,No immediate action required.,SYSTEM,2026-09-16 08:00:00
514,514,1,0,LOW,No significant risk detected.,No immediate action required.,SYSTEM,2026-09-16 08:00:00
515,515,1,0,LOW,No significant risk detected.,No immediate action required.,SYSTEM,2026-09-16 08:00:00
516,516,1,50,MEDIUM,Staffing coverage below requirement; Senior staff coverage insufficient,Review staffing before shift start.,SYSTEM,2026-09-16 08:00:00
517,517,1,0,LOW,No significant risk detected.,No immediate action required.,SYSTEM,2026-09-16 08:00:00
518,518,1,0,LOW,No significant risk detected.,No immediate action required.,SYSTEM,2026-09-16 08:00:00
519,519,1,30,MEDIUM,Staffing coverage below requirement,Review staffing before shift start.,SYSTEM,2026-09-16 08:00:00
520,520,1,0,LOW,No significant risk detected.,No immediate action required.,SYSTEM,2026-09-16 08:00:00
521,521,1,0,LOW,No significant risk detected.,No immediate action required.,SYSTEM,2026-09-16 08:00:00
522,522,1,0,LOW,No significant risk detected.,No immediate action required.,SYSTEM,2026-09-16 08:00:00
523,523,1,50,MEDIUM,Staffing coverage below requirement; Senior staff coverage insufficient,Review staffing before shift start.,SYSTEM,2026-09-16 08:00:00
524,524,1,0,LOW,No significant risk detected.,No immediate action required.,SYSTEM,2026-09-16 08:00:00
525,525,1,0,LOW,No significant risk detected.,No immediate action required.,SYSTEM,2026-09-16 08:00:00
526,526,1,0,LOW,No significant risk detected.,No immediate action required.,SYSTEM,2026-09-16 08:00:00
527,527,1,0,LOW,No significant risk detected.,No immediate action required.,SYSTEM,2026-09-16 08:00:00
528,528,1,0,LOW,No significant risk detected.,No immediate action required.,SYSTEM,2026-09-16 08:00:00
529,529,1,30,MEDIUM,Staffing coverage below requirement,Review staffing before shift start.,SYSTEM,2026-09-16 08:00:00
530,530,1,15,LOW,High workload detected,No immediate action required.,SYSTEM,2026-09-16 08:00:00
531,531,1,0,LOW,No significant risk detected.,No immediate action required.,SYSTEM,2026-09-16 08:00:00
532,532,1,0,LOW,No significant risk detected.,No immediate action required.,SYSTEM,2026-09-16 08:00:00
533,533,1,30,MEDIUM,Staffing coverage below requirement,Review staffing before shift start.,SYSTEM,2026-09-16 08:00:00
534,534,1,0,LOW,No significant risk detected.,No immediate action required.,SYSTEM,2026-09-16 08:00:00
535,535,1,0,LOW,No significant risk detected.,No immediate action required.,SYSTEM,2026-09-16 08:00:00
536,536,1,0,LOW,No significant risk detected.,No immediate action required.,SYSTEM,2026-09-16 08:00:00
537,537,1,0,LOW,No significant risk detected.,No immediate action required.,SYSTEM,2026-09-16 08:00:00
538,538,1,0,LOW,No significant risk detected.,No immediate action required.,SYSTEM,2026-09-16 08:00:00
539,539,1,0,LOW,No significant risk detected.,No immediate action required.,SYSTEM,2026-09-16 08:00:00
540,540,1,0,LOW,No significant risk detected.,No immediate action required.,SYSTEM,2026-09-16 08:00:00
541,541,1,0,LOW,No significant risk detected.,No immediate action required.,SYSTEM,2026-09-16 08:00:00
542,542,1,15,LOW,High workload detected,No immediate action required.,SYSTEM,2026-09-16 08:00:00
543,543,1,0,LOW,No significant risk detected.,No immediate action required.,SYSTEM,2026-09-16 08:00:00
544,544,1,0,LOW,No significant risk detected.,No immediate action required.,SYSTEM,2026-09-16 08:00:00
545,545,1,0,LOW,No significant risk detected.,No immediate action required.,SYSTEM,2026-09-16 08:00:00
546,546,1,0,LOW,No significant risk detected.,No immediate action required.,SYSTEM,2026-09-16 08:00:00
547,547,1,0,LOW,No significant risk detected.,No immediate action required.,SYSTEM,2026-09-16 08:00:00
548,548,1,30,MEDIUM,Staffing coverage below requirement,Review staffing before shift start.,SYSTEM,2026-09-16 08:00:00
549,549,1,0,LOW,No significant risk detected.,No immediate action required.,SYSTEM,2026-09-16 08:00:00
550,550,1,0,LOW,No significant risk detected.,No immediate action required.,SYSTEM,2026-09-16 08:00:00
551,551,1,15,LOW,High workload detected,No immediate action required.,SYSTEM,2026-09-16 08:00:00
552,552,1,0,LOW,No significant risk detected.,No immediate action required.,SYSTEM,2026-09-16 08:00:00
553,553,1,0,LOW,No significant risk detected.,No immediate action required.,SYSTEM,2026-09-16 08:00:00
554,554,1,0,LOW,No significant risk detected.,No immediate action required.,SYSTEM,2026-09-16 08:00:00
555,555,1,50,MEDIUM,Staffing coverage below requirement; Senior staff coverage insufficient,Review staffing before shift start.,SYSTEM,2026-09-16 08:00:00
556,556,1,30,MEDIUM,Staffing coverage below requirement,Review staffing before shift start.,SYSTEM,2026-09-16 08:00:00
557,557,1,15,LOW,High workload detected,No immediate action required.,SYSTEM,2026-09-16 08:00:00
558,558,1,0,LOW,No significant risk detected.,No immediate action required.,SYSTEM,2026-09-16 08:00:00
559,559,1,0,LOW,No significant risk detected.,No immediate action required.,SYSTEM,2026-09-16 08:00:00
560,560,1,0,LOW,No significant risk detected.,No immediate action required.,SYSTEM,2026-09-16 08:00:00
561,561,1,0,LOW,No significant risk detected.,No immediate action required.,SYSTEM,2026-09-16 08:00:00
562,562,1,0,LOW,No significant risk detected.,No immediate action required.,SYSTEM,2026-09-16 08:00:00
563,563,1,0,LOW,No significant risk detected.,No immediate action required.,SYSTEM,2026-09-16 08:00:00
564,564,1,0,LOW,No significant risk detected.,No immediate action required.,SYSTEM,2026-09-16 08:00:00
565,565,1,0,LOW,No significant risk detected.,No immediate action required.,SYSTEM,2026-09-16 08:00:00
566,566,1,15,LOW,High workload detected,No immediate action required.,SYSTEM,2026-09-16 08:00:00
567,567,1,0,LOW,No significant risk detected.,No immediate action required.,SYSTEM,2026-09-16 08:00:00
568,568,1,0,LOW,No significant risk detected.,No immediate action required.,SYSTEM,2026-09-16 08:00:00
569,569,1,0,LOW,No significant risk detected.,No immediate action required.,SYSTEM,2026-09-16 08:00:00
570,570,1,0,LOW,No significant risk detected.,No immediate action required.,SYSTEM,2026-09-16 08:00:00
571,571,1,15,LOW,High workload detected,No immediate action required.,SYSTEM,2026-09-16 08:00:00
572,572,1,15,LOW,High workload detected,No immediate action required.,SYSTEM,2026-09-16 08:00:00
573,573,1,65,HIGH,Staffing coverage below requirement; Senior staff coverage insufficient; High workload detected,Assign qualified staff and review coverage before shift start.,SYSTEM,2026-09-16 08:00:00
574,574,1,15,LOW,High workload detected,No immediate action required.,SYSTEM,2026-09-16 08:00:00
575,575,1,0,LOW,No significant risk detected.,No immediate action required.,SYSTEM,2026-09-16 08:00:00
576,576,1,15,LOW,High workload detected,No immediate action required.,SYSTEM,2026-09-16 08:00:00
577,577,1,0,LOW,No significant risk detected.,No immediate action required.,SYSTEM,2026-09-16 08:00:00
578,578,1,15,LOW,High workload detected,No immediate action required.,SYSTEM,2026-09-16 08:00:00
579,579,1,15,LOW,High workload detected,No immediate action required.,SYSTEM,2026-09-16 08:00:00
580,580,1,0,LOW,No significant risk detected.,No immediate action required.,SYSTEM,2026-09-16 08:00:00
581,581,1,15,LOW,High workload detected,No immediate action required.,SYSTEM,2026-09-16 08:00:00
582,582,1,0,LOW,No significant risk detected.,No immediate action required.,SYSTEM,2026-09-16 08:00:00
583,583,1,0,LOW,No significant risk detected.,No immediate action required.,SYSTEM,2026-09-16 08:00:00
584,584,1,0,LOW,No significant risk detected.,No immediate action required.,SYSTEM,2026-09-16 08:00:00
585,585,1,0,LOW,No significant risk detected.,No immediate action required.,SYSTEM,2026-09-16 08:00:00
586,586,1,30,MEDIUM,Staffing coverage below requirement,Review staffing before shift start.,SYSTEM,2026-09-16 08:00:00
587,587,1,0,LOW,No significant risk detected.,No immediate action required.,SYSTEM,2026-09-16 08:00:00
588,588,1,0,LOW,No significant risk detected.,No immediate action required.,SYSTEM,2026-09-16 08:00:00
589,589,1,0,LOW,No significant risk detected.,No immediate action required.,SYSTEM,2026-09-16 08:00:00
590,590,1,0,LOW,No significant risk detected.,No immediate action required.,SYSTEM,2026-09-16 08:00:00
591,591,1,0,LOW,No significant risk detected.,No immediate action required.,SYSTEM,2026-09-16 08:00:00
592,592,1,0,LOW,No significant risk detected.,No immediate action required.,SYSTEM,2026-09-16 08:00:00
593,593,1,15,LOW,High workload detected,No immediate action required.,SYSTEM,2026-09-16 08:00:00
594,594,1,15,LOW,High workload detected,No immediate action required.,SYSTEM,2026-09-16 08:00:00
595,595,1,0,LOW,No significant risk detected.,No immediate action required.,SYSTEM,2026-09-16 08:00:00
596,596,1,50,MEDIUM,Staffing coverage below requirement; Senior staff coverage insufficient,Review staffing before shift start.,SYSTEM,2026-09-16 08:00:00
597,597,1,0,LOW,No significant risk detected.,No immediate action required.,SYSTEM,2026-09-16 08:00:00
598,598,1,0,LOW,No significant risk detected.,No immediate action required.,SYSTEM,2026-09-16 08:00:00
599,599,1,0,LOW,No significant risk detected.,No immediate action required.,SYSTEM,2026-09-16 08:00:00
600,600,1,0,LOW,No significant risk detected.,No immediate action required.,SYSTEM,2026-09-16 08:00:00
601,601,1,0,LOW,No significant risk detected.,No immediate action required.,SYSTEM,2026-09-16 08:00:00
602,602,1,0,LOW,No significant risk detected.,No immediate action required.,SYSTEM,2026-09-16 08:00:00
603,603,1,0,LOW,No significant risk detected.,No immediate action required.,SYSTEM,2026-09-16 08:00:00
604,604,1,45,MEDIUM,Staffing coverage below requirement; High workload detected,Review staffing before shift start.,SYSTEM,2026-09-16 08:00:00
605,605,1,15,LOW,High workload detected,No immediate action required.,SYSTEM,2026-09-16 08:00:00
606,606,1,0,LOW,No significant risk detected.,No immediate action required.,SYSTEM,2026-09-16 08:00:00
607,607,1,0,LOW,No significant risk detected.,No immediate action required.,SYSTEM,2026-09-16 08:00:00
608,608,1,0,LOW,No significant risk detected.,No immediate action required.,SYSTEM,2026-09-16 08:00:00
609,609,1,15,LOW,High workload detected,No immediate action required.,SYSTEM,2026-09-16 08:00:00
610,610,1,0,LOW,No significant risk detected.,No immediate action required.,SYSTEM,2026-09-16 08:00:00
611,611,1,15,LOW,High workload detected,No immediate action required.,SYSTEM,2026-09-16 08:00:00
612,612,1,0,LOW,No significant risk detected.,No immediate action required.,SYSTEM,2026-09-16 08:00:00
613,613,1,0,LOW,No significant risk detected.,No immediate action required.,SYSTEM,2026-09-16 08:00:00
614,614,1,0,LOW,No significant risk detected.,No immediate action required.,SYSTEM,2026-09-16 08:00:00
615,615,1,15,LOW,High workload detected,No immediate action required.,SYSTEM,2026-09-16 08:00:00
616,616,1,0,LOW,No significant risk detected.,No immediate action required.,SYSTEM,2026-09-16 08:00:00
617,617,1,15,LOW,High workload detected,No immediate action required.,SYSTEM,2026-09-16 08:00:00
618,618,1,0,LOW,No significant risk detected.,No immediate action required.,SYSTEM,2026-09-16 08:00:00
619,619,1,0,LOW,No significant risk detected.,No immediate action required.,SYSTEM,2026-09-16 08:00:00
620,620,1,0,LOW,No significant risk detected.,No immediate action required.,SYSTEM,2026-09-16 08:00:00
621,621,1,0,LOW,No significant risk detected.,No immediate action required.,SYSTEM,2026-09-16 08:00:00
622,622,1,0,LOW,No significant risk detected.,No immediate action required.,SYSTEM,2026-09-16 08:00:00
623,623,1,0,LOW,No significant risk detected.,No immediate action required.,SYSTEM,2026-09-16 08:00:00
624,624,1,15,LOW,High workload detected,No immediate action required.,SYSTEM,2026-09-16 08:00:00
625,625,1,0,LOW,No significant risk detected.,No immediate action required.,SYSTEM,2026-09-16 08:00:00
626,626,1,0,LOW,No significant risk detected.,No immediate action required.,SYSTEM,2026-09-16 08:00:00
627,627,1,0,LOW,No significant risk detected.,No immediate action required.,SYSTEM,2026-09-16 08:00:00
628,628,1,30,MEDIUM,Staffing coverage below requirement,Review staffing before shift start.,SYSTEM,2026-09-16 08:00:00
629,629,1,45,MEDIUM,Staffing coverage below requirement; High workload detected,Review staffing before shift start.,SYSTEM,2026-09-16 08:00:00
630,630,1,0,LOW,No significant risk detected.,No immediate action required.,SYSTEM,2026-09-16 08:00:00
631,631,1,0,LOW,No significant risk detected.,No immediate action required.,SYSTEM,2026-09-16 08:00:00
632,632,1,50,MEDIUM,Staffing coverage below requirement; Senior staff coverage insufficient,Review staffing before shift start.,SYSTEM,2026-09-16 08:00:00
633,633,1,15,LOW,High workload detected,No immediate action required.,SYSTEM,2026-09-16 08:00:00
634,634,1,15,LOW,High workload detected,No immediate action required.,SYSTEM,2026-09-16 08:00:00
635,635,1,50,MEDIUM,Staffing coverage below requirement; Senior staff coverage insufficient,Review staffing before shift start.,SYSTEM,2026-09-16 08:00:00
636,636,1,30,MEDIUM,Staffing coverage below requirement,Review staffing before shift start.,SYSTEM,2026-09-16 08:00:00
637,637,1,0,LOW,No significant risk detected.,No immediate action required.,SYSTEM,2026-09-16 08:00:00
638,638,1,30,MEDIUM,Staffing coverage below requirement,Review staffing before shift start.,SYSTEM,2026-09-16 08:00:00
639,639,1,0,LOW,No significant risk detected.,No immediate action required.,SYSTEM,2026-09-16 08:00:00
640,640,1,0,LOW,No significant risk detected.,No immediate action required.,SYSTEM,2026-09-16 08:00:00
641,641,1,15,LOW,High workload detected,No immediate action required.,SYSTEM,2026-09-16 08:00:00
642,642,1,0,LOW,No significant risk detected.,No immediate action required.,SYSTEM,2026-09-16 08:00:00
643,643,1,50,MEDIUM,Staffing coverage below requirement; Senior staff coverage insufficient,Review staffing before shift start.,SYSTEM,2026-09-16 08:00:00
644,644,1,0,LOW,No significant risk detected.,No immediate action required.,SYSTEM,2026-09-16 08:00:00
645,645,1,0,LOW,No significant risk detected.,No immediate action required.,SYSTEM,2026-09-16 08:00:00
646,646,1,0,LOW,No significant risk detected.,No immediate action required.,SYSTEM,2026-09-16 08:00:00
647,647,1,0,LOW,No significant risk detected.,No immediate action required.,SYSTEM,2026-09-16 08:00:00
648,648,1,0,LOW,No significant risk detected.,No immediate action required.,SYSTEM,2026-09-16 08:00:00
649,649,1,15,LOW,High workload detected,No immediate action required.,SYSTEM,2026-09-16 08:00:00
650,650,1,30,MEDIUM,Staffing coverage below requirement,Review staffing before shift start.,SYSTEM,2026-09-16 08:00:00
651,651,1,0,LOW,No significant risk detected.,No immediate action required.,SYSTEM,2026-09-16 08:00:00
652,652,1,0,LOW,No significant risk detected.,No immediate action required.,SYSTEM,2026-09-16 08:00:00
653,653,1,50,MEDIUM,Staffing coverage below requirement; Senior staff coverage insufficient,Review staffing before shift start.,SYSTEM,2026-09-16 08:00:00
654,654,1,0,LOW,No significant risk detected.,No immediate action required.,SYSTEM,2026-09-16 08:00:00
655,655,1,15,LOW,High workload detected,No immediate action required.,SYSTEM,2026-09-16 08:00:00
656,656,1,0,LOW,No significant risk detected.,No immediate action required.,SYSTEM,2026-09-16 08:00:00
657,657,1,30,MEDIUM,Staffing coverage below requirement,Review staffing before shift start.,SYSTEM,2026-09-16 08:00:00
658,658,1,0,LOW,No significant risk detected.,No immediate action required.,SYSTEM,2026-09-16 08:00:00
659,659,1,0,LOW,No significant risk detected.,No immediate action required.,SYSTEM,2026-09-16 08:00:00
660,660,1,30,MEDIUM,Staffing coverage below requirement,Review staffing before shift start.,SYSTEM,2026-09-16 08:00:00
661,661,1,0,LOW,No significant risk detected.,No immediate action required.,SYSTEM,2026-09-16 08:00:00
662,662,1,0,LOW,No significant risk detected.,No immediate action required.,SYSTEM,2026-09-16 08:00:00
663,663,1,0,LOW,No significant risk detected.,No immediate action required.,SYSTEM,2026-09-16 08:00:00
664,664,1,15,LOW,High workload detected,No immediate action required.,SYSTEM,2026-09-16 08:00:00
665,665,1,15,LOW,High workload detected,No immediate action required.,SYSTEM,2026-09-16 08:00:00
666,666,1,15,LOW,High workload detected,No immediate action required.,SYSTEM,2026-09-16 08:00:00
667,667,1,0,LOW,No significant risk detected.,No immediate action required.,SYSTEM,2026-09-16 08:00:00
668,668,1,0,LOW,No significant risk detected.,No immediate action required.,SYSTEM,2026-09-16 08:00:00
669,669,1,65,HIGH,Staffing coverage below requirement; Senior staff coverage insufficient; High workload detected,Assign qualified staff and review coverage before shift start.,SYSTEM,2026-09-16 08:00:00
670,670,1,0,LOW,No significant risk detected.,No immediate action required.,SYSTEM,2026-09-16 08:00:00
671,671,1,0,LOW,No significant risk detected.,No immediate action required.,SYSTEM,2026-09-16 08:00:00
672,672,1,15,LOW,High workload detected,No immediate action required.,SYSTEM,2026-09-16 08:00:00
673,673,1,0,LOW,No significant risk detected.,No immediate action required.,SYSTEM,2026-09-16 08:00:00
674,674,1,0,LOW,No significant risk detected.,No immediate action required.,SYSTEM,2026-09-16 08:00:00
675,675,1,0,LOW,No significant risk detected.,No immediate action required.,SYSTEM,2026-09-16 08:00:00
676,676,1,30,MEDIUM,Staffing coverage below requirement,Review staffing before shift start.,SYSTEM,2026-09-16 08:00:00
677,677,1,30,MEDIUM,Staffing coverage below requirement,Review staffing before shift start.,SYSTEM,2026-09-16 08:00:00
678,678,1,0,LOW,No significant risk detected.,No immediate action required.,SYSTEM,2026-09-16 08:00:00
679,679,1,0,LOW,No significant risk detected.,No immediate action required.,SYSTEM,2026-09-16 08:00:00
680,680,1,0,LOW,No significant risk detected.,No immediate action required.,SYSTEM,2026-09-16 08:00:00
681,681,1,30,MEDIUM,Staffing coverage below requirement,Review staffing before shift start.,SYSTEM,2026-09-16 08:00:00
682,682,1,0,LOW,No significant risk detected.,No immediate action required.,SYSTEM,2026-09-16 08:00:00
683,683,1,0,LOW,No significant risk detected.,No immediate action required.,SYSTEM,2026-09-16 08:00:00
684,684,1,15,LOW,High workload detected,No immediate action required.,SYSTEM,2026-09-16 08:00:00
685,685,1,15,LOW,High workload detected,No immediate action required.,SYSTEM,2026-09-16 08:00:00
686,686,1,0,LOW,No significant risk detected.,No immediate action required.,SYSTEM,2026-09-16 08:00:00
687,687,1,15,LOW,High workload detected,No immediate action required.,SYSTEM,2026-09-16 08:00:00
688,688,1,0,LOW,No significant risk detected.,No immediate action required.,SYSTEM,2026-09-16 08:00:00
689,689,1,0,LOW,No significant risk detected.,No immediate action required.,SYSTEM,2026-09-16 08:00:00
690,690,1,45,MEDIUM,Staffing coverage below requirement; High workload detected,Review staffing before shift start.,SYSTEM,2026-09-16 08:00:00
691,691,1,0,LOW,No significant risk detected.,No immediate action required.,SYSTEM,2026-09-16 08:00:00
692,692,1,15,LOW,High workload detected,No immediate action required.,SYSTEM,2026-09-16 08:00:00
693,693,1,0,LOW,No significant risk detected.,No immediate action required.,SYSTEM,2026-09-16 08:00:00
694,694,1,50,MEDIUM,Staffing coverage below requirement; Senior staff coverage insufficient,Review staffing before shift start.,SYSTEM,2026-09-16 08:00:00
695,695,1,0,LOW,No significant risk detected.,No immediate action required.,SYSTEM,2026-09-16 08:00:00
696,696,1,0,LOW,No significant risk detected.,No immediate action required.,SYSTEM,2026-09-16 08:00:00
697,697,1,0,LOW,No significant risk detected.,No immediate action required.,SYSTEM,2026-09-16 08:00:00
698,698,1,0,LOW,No significant risk detected.,No immediate action required.,SYSTEM,2026-09-16 08:00:00
699,699,1,0,LOW,No significant risk detected.,No immediate action required.,SYSTEM,2026-09-16 08:00:00
700,700,1,0,LOW,No significant risk detected.,No immediate action required.,SYSTEM,2026-09-16 08:00:00
701,701,1,65,HIGH,Staffing coverage below requirement; Senior staff coverage insufficient; High workload detected,Assign qualified staff and review coverage before shift start.,SYSTEM,2026-09-16 08:00:00
702,702,1,15,LOW,High workload detected,No immediate action required.,SYSTEM,2026-09-16 08:00:00
703,703,1,50,MEDIUM,Staffing coverage below requirement; Senior staff coverage insufficient,Review staffing before shift start.,SYSTEM,2026-09-16 08:00:00
704,704,1,0,LOW,No significant risk detected.,No immediate action required.,SYSTEM,2026-09-16 08:00:00
705,705,1,50,MEDIUM,Staffing coverage below requirement; Senior staff coverage insufficient,Review staffing before shift start.,SYSTEM,2026-09-16 08:00:00
706,706,1,0,LOW,No significant risk detected.,No immediate action required.,SYSTEM,2026-09-16 08:00:00
707,707,1,0,LOW,No significant risk detected.,No immediate action required.,SYSTEM,2026-09-16 08:00:00
708,708,1,15,LOW,High workload detected,No immediate action required.,SYSTEM,2026-09-16 08:00:00
709,709,1,0,LOW,No significant risk detected.,No immediate action required.,SYSTEM,2026-09-16 08:00:00
710,710,1,0,LOW,No significant risk detected.,No immediate action required.,SYSTEM,2026-09-16 08:00:00
711,711,1,0,LOW,No significant risk detected.,No immediate action required.,SYSTEM,2026-09-16 08:00:00
712,712,1,0,LOW,No significant risk detected.,No immediate action required.,SYSTEM,2026-09-16 08:00:00
713,713,1,0,LOW,No significant risk detected.,No immediate action required.,SYSTEM,2026-09-16 08:00:00
714,714,1,30,MEDIUM,Staffing coverage below requirement,Review staffing before shift start.,SYSTEM,2026-09-16 08:00:00
715,715,1,0,LOW,No significant risk detected.,No immediate action required.,SYSTEM,2026-09-16 08:00:00
716,716,1,0,LOW,No significant risk detected.,No immediate action required.,SYSTEM,2026-09-16 08:00:00
717,717,1,0,LOW,No significant risk detected.,No immediate action required.,SYSTEM,2026-09-16 08:00:00
718,718,1,0,LOW,No significant risk detected.,No immediate action required.,SYSTEM,2026-09-16 08:00:00
719,719,1,0,LOW,No significant risk detected.,No immediate action required.,SYSTEM,2026-09-16 08:00:00
720,720,1,0,LOW,No significant risk detected.,No immediate action required.,SYSTEM,2026-09-16 08:00:00
721,721,1,0,LOW,No significant risk detected.,No immediate action required.,SYSTEM,2026-09-16 08:00:00
722,722,1,0,LOW,No significant risk detected.,No immediate action required.,SYSTEM,2026-09-16 08:00:00
723,723,1,15,LOW,High workload detected,No immediate action required.,SYSTEM,2026-09-16 08:00:00
724,724,1,0,LOW,No significant risk detected.,No immediate action required.,SYSTEM,2026-09-16 08:00:00
725,725,1,0,LOW,No significant risk detected.,No immediate action required.,SYSTEM,2026-09-16 08:00:00
726,726,1,15,LOW,High workload detected,No immediate action required.,SYSTEM,2026-09-16 08:00:00
727,727,1,30,MEDIUM,Staffing coverage below requirement,Review staffing before shift start.,SYSTEM,2026-09-16 08:00:00
728,728,1,0,LOW,No significant risk detected.,No immediate action required.,SYSTEM,2026-09-16 08:00:00
729,729,1,0,LOW,No significant risk detected.,No immediate action required.,SYSTEM,2026-09-16 08:00:00
730,730,1,0,LOW,No significant risk detected.,No immediate action required.,SYSTEM,2026-09-16 08:00:00
731,731,1,0,LOW,No significant risk detected.,No immediate action required.,SYSTEM,2026-09-16 08:00:00
732,732,1,0,LOW,No significant risk detected.,No immediate action required.,SYSTEM,2026-09-16 08:00:00
733,733,1,30,MEDIUM,Staffing coverage below requirement,Review staffing before shift start.,SYSTEM,2026-09-16 08:00:00
734,734,1,0,LOW,No significant risk detected.,No immediate action required.,SYSTEM,2026-09-16 08:00:00
735,735,1,15,LOW,High workload detected,No immediate action required.,SYSTEM,2026-09-16 08:00:00
736,736,1,15,LOW,High workload detected,No immediate action required.,SYSTEM,2026-09-16 08:00:00
737,737,1,0,LOW,No significant risk detected.,No immediate action required.,SYSTEM,2026-09-16 08:00:00
738,738,1,0,LOW,No significant risk detected.,No immediate action required.,SYSTEM,2026-09-16 08:00:00
739,739,1,30,MEDIUM,Staffing coverage below requirement,Review staffing before shift start.,SYSTEM,2026-09-16 08:00:00
740,740,1,15,LOW,High workload detected,No immediate action required.,SYSTEM,2026-09-16 08:00:00
741,741,1,0,LOW,No significant risk detected.,No immediate action required.,SYSTEM,2026-09-16 08:00:00
742,742,1,0,LOW,No significant risk detected.,No immediate action required.,SYSTEM,2026-09-16 08:00:00
743,743,1,0,LOW,No significant risk detected.,No immediate action required.,SYSTEM,2026-09-16 08:00:00
744,744,1,0,LOW,No significant risk detected.,No immediate action required.,SYSTEM,2026-09-16 08:00:00
745,745,1,50,MEDIUM,Staffing coverage below requirement; Senior staff coverage insufficient,Review staffing before shift start.,SYSTEM,2026-09-16 08:00:00
746,746,1,0,LOW,No significant risk detected.,No immediate action required.,SYSTEM,2026-09-16 08:00:00
747,747,1,0,LOW,No significant risk detected.,No immediate action required.,SYSTEM,2026-09-16 08:00:00
748,748,1,0,LOW,No significant risk detected.,No immediate action required.,SYSTEM,2026-09-16 08:00:00
749,749,1,0,LOW,No significant risk detected.,No immediate action required.,SYSTEM,2026-09-16 08:00:00
750,750,1,0,LOW,No significant risk detected.,No immediate action required.,SYSTEM,2026-09-16 08:00:00
751,751,1,0,LOW,No significant risk detected.,No immediate action required.,SYSTEM,2026-09-16 08:00:00
752,752,1,0,LOW,No significant risk detected.,No immediate action required.,SYSTEM,2026-09-16 08:00:00
753,753,1,0,LOW,No significant risk detected.,No immediate action required.,SYSTEM,2026-09-16 08:00:00
754,754,1,0,LOW,No significant risk detected.,No immediate action required.,SYSTEM,2026-09-16 08:00:00
755,755,1,0,LOW,No significant risk detected.,No immediate action required.,SYSTEM,2026-09-16 08:00:00
756,756,1,15,LOW,High workload detected,No immediate action required.,SYSTEM,2026-09-16 08:00:00
757,757,1,15,LOW,High workload detected,No immediate action required.,SYSTEM,2026-09-16 08:00:00
758,758,1,0,LOW,No significant risk detected.,No immediate action required.,SYSTEM,2026-09-16 08:00:00
759,759,1,0,LOW,No significant risk detected.,No immediate action required.,SYSTEM,2026-09-16 08:00:00
760,760,1,0,LOW,No significant risk detected.,No immediate action required.,SYSTEM,2026-09-16 08:00:00
761,761,1,0,LOW,No significant risk detected.,No immediate action required.,SYSTEM,2026-09-16 08:00:00
762,762,1,0,LOW,No significant risk detected.,No immediate action required.,SYSTEM,2026-09-16 08:00:00
763,763,1,0,LOW,No significant risk detected.,No immediate action required.,SYSTEM,2026-09-16 08:00:00
764,764,1,15,LOW,High workload detected,No immediate action required.,SYSTEM,2026-09-16 08:00:00
765,765,1,0,LOW,No significant risk detected.,No immediate action required.,SYSTEM,2026-09-16 08:00:00
766,766,1,0,LOW,No significant risk detected.,No immediate action required.,SYSTEM,2026-09-16 08:00:00
767,767,1,0,LOW,No significant risk detected.,No immediate action required.,SYSTEM,2026-09-16 08:00:00
768,768,1,0,LOW,No significant risk detected.,No immediate action required.,SYSTEM,2026-09-16 08:00:00
769,769,1,0,LOW,No significant risk detected.,No immediate action required.,SYSTEM,2026-09-16 08:00:00
770,770,1,0,LOW,No significant risk detected.,No immediate action required.,SYSTEM,2026-09-16 08:00:00
771,771,1,0,LOW,No significant risk detected.,No immediate action required.,SYSTEM,2026-09-16 08:00:00
772,772,1,30,MEDIUM,Staffing coverage below requirement,Review staffing before shift start.,SYSTEM,2026-09-16 08:00:00
773,773,1,0,LOW,No significant risk detected.,No immediate action required.,SYSTEM,2026-09-16 08:00:00
774,774,1,65,HIGH,Staffing coverage below requirement; Senior staff coverage insufficient; High workload detected,Assign qualified staff and review coverage before shift start.,SYSTEM,2026-09-16 08:00:00
775,775,1,30,MEDIUM,Staffing coverage below requirement,Review staffing before shift start.,SYSTEM,2026-09-16 08:00:00
776,776,1,30,MEDIUM,Staffing coverage below requirement,Review staffing before shift start.,SYSTEM,2026-09-16 08:00:00
777,777,1,50,MEDIUM,Staffing coverage below requirement; Senior staff coverage insufficient,Review staffing before shift start.,SYSTEM,2026-09-16 08:00:00
778,778,1,30,MEDIUM,Staffing coverage below requirement,Review staffing before shift start.,SYSTEM,2026-09-16 08:00:00
779,779,1,15,LOW,High workload detected,No immediate action required.,SYSTEM,2026-09-16 08:00:00
780,780,1,0,LOW,No significant risk detected.,No immediate action required.,SYSTEM,2026-09-16 08:00:00
781,781,1,50,MEDIUM,Staffing coverage below requirement; Senior staff coverage insufficient,Review staffing before shift start.,SYSTEM,2026-09-16 08:00:00
782,782,1,15,LOW,High workload detected,No immediate action required.,SYSTEM,2026-09-16 08:00:00
783,783,1,0,LOW,No significant risk detected.,No immediate action required.,SYSTEM,2026-09-16 08:00:00
784,784,1,0,LOW,No significant risk detected.,No immediate action required.,SYSTEM,2026-09-16 08:00:00
785,785,1,0,LOW,No significant risk detected.,No immediate action required.,SYSTEM,2026-09-16 08:00:00
786,786,1,0,LOW,No significant risk detected.,No immediate action required.,SYSTEM,2026-09-16 08:00:00
787,787,1,0,LOW,No significant risk detected.,No immediate action required.,SYSTEM,2026-09-16 08:00:00
788,788,1,30,MEDIUM,Staffing coverage below requirement,Review staffing before shift start.,SYSTEM,2026-09-16 08:00:00
789,789,1,0,LOW,No significant risk detected.,No immediate action required.,SYSTEM,2026-09-16 08:00:00
790,790,1,50,MEDIUM,Staffing coverage below requirement; Senior staff coverage insufficient,Review staffing before shift start.,SYSTEM,2026-09-16 08:00:00
791,791,1,15,LOW,High workload detected,No immediate action required.,SYSTEM,2026-09-16 08:00:00
792,792,1,15,LOW,High workload detected,No immediate action required.,SYSTEM,2026-09-16 08:00:00
793,793,1,0,LOW,No significant risk detected.,No immediate action required.,SYSTEM,2026-09-16 08:00:00
794,794,1,0,LOW,No significant risk detected.,No immediate action required.,SYSTEM,2026-09-16 08:00:00
795,795,1,30,MEDIUM,Staffing coverage below requirement,Review staffing before shift start.,SYSTEM,2026-09-16 08:00:00
796,796,1,0,LOW,No significant risk detected.,No immediate action required.,SYSTEM,2026-09-16 08:00:00
797,797,1,0,LOW,No significant risk detected.,No immediate action required.,SYSTEM,2026-09-16 08:00:00
798,798,1,15,LOW,High workload detected,No immediate action required.,SYSTEM,2026-09-16 08:00:00
799,799,1,30,MEDIUM,Staffing coverage below requirement,Review staffing before shift start.,SYSTEM,2026-09-16 08:00:00
800,800,1,50,MEDIUM,Staffing coverage below requirement; Senior staff coverage insufficient,Review staffing before shift start.,SYSTEM,2026-09-16 08:00:00
801,801,1,0,LOW,No significant risk detected.,No immediate action required.,SYSTEM,2026-09-16 08:00:00
802,802,1,30,MEDIUM,Staffing coverage below requirement,Review staffing before shift start.,SYSTEM,2026-09-16 08:00:00
803,803,1,0,LOW,No significant risk detected.,No immediate action required.,SYSTEM,2026-09-16 08:00:00
804,804,1,15,LOW,High workload detected,No immediate action required.,SYSTEM,2026-09-16 08:00:00
805,805,1,15,LOW,High workload detected,No immediate action required.,SYSTEM,2026-09-16 08:00:00
806,806,1,0,LOW,No significant risk detected.,No immediate action required.,SYSTEM,2026-09-16 08:00:00
807,807,1,0,LOW,No significant risk detected.,No immediate action required.,SYSTEM,2026-09-16 08:00:00
808,808,1,0,LOW,No significant risk detected.,No immediate action required.,SYSTEM,2026-09-16 08:00:00
809,809,1,0,LOW,No significant risk detected.,No immediate action required.,SYSTEM,2026-09-16 08:00:00
810,810,1,0,LOW,No significant risk detected.,No immediate action required.,SYSTEM,2026-09-16 08:00:00
811,811,1,0,LOW,No significant risk detected.,No immediate action required.,SYSTEM,2026-09-16 08:00:00
812,812,1,0,LOW,No significant risk detected.,No immediate action required.,SYSTEM,2026-09-16 08:00:00
813,813,1,50,MEDIUM,Staffing coverage below requirement; Senior staff coverage insufficient,Review staffing before shift start.,SYSTEM,2026-09-16 08:00:00
814,814,1,15,LOW,High workload detected,No immediate action required.,SYSTEM,2026-09-16 08:00:00
815,815,1,0,LOW,No significant risk detected.,No immediate action required.,SYSTEM,2026-09-16 08:00:00
816,816,1,45,MEDIUM,Staffing coverage below requirement; High workload detected,Review staffing before shift start.,SYSTEM,2026-09-16 08:00:00
817,817,1,0,LOW,No significant risk detected.,No immediate action required.,SYSTEM,2026-09-16 08:00:00
818,818,1,15,LOW,High workload detected,No immediate action required.,SYSTEM,2026-09-16 08:00:00
819,819,1,0,LOW,No significant risk detected.,No immediate action required.,SYSTEM,2026-09-16 08:00:00
820,820,1,0,LOW,No significant risk detected.,No immediate action required.,SYSTEM,2026-09-16 08:00:00
821,821,1,15,LOW,High workload detected,No immediate action required.,SYSTEM,2026-09-16 08:00:00
822,822,1,0,LOW,No significant risk detected.,No immediate action required.,SYSTEM,2026-09-16 08:00:00
823,823,1,15,LOW,High workload detected,No immediate action required.,SYSTEM,2026-09-16 08:00:00
824,824,1,15,LOW,High workload detected,No immediate action required.,SYSTEM,2026-09-16 08:00:00
825,825,1,0,LOW,No significant risk detected.,No immediate action required.,SYSTEM,2026-09-16 08:00:00
826,826,1,0,LOW,No significant risk detected.,No immediate action required.,SYSTEM,2026-09-16 08:00:00
827,827,1,0,LOW,No significant risk detected.,No immediate action required.,SYSTEM,2026-09-16 08:00:00
828,828,1,50,MEDIUM,Staffing coverage below requirement; Senior staff coverage insufficient,Review staffing before shift start.,SYSTEM,2026-09-16 08:00:00
829,829,1,0,LOW,No significant risk detected.,No immediate action required.,SYSTEM,2026-09-16 08:00:00
830,830,1,0,LOW,No significant risk detected.,No immediate action required.,SYSTEM,2026-09-16 08:00:00
831,831,1,0,LOW,No significant risk detected.,No immediate action required.,SYSTEM,2026-09-16 08:00:00
832,832,1,0,LOW,No significant risk detected.,No immediate action required.,SYSTEM,2026-09-16 08:00:00
833,833,1,50,MEDIUM,Staffing coverage below requirement; Senior staff coverage insufficient,Review staffing before shift start.,SYSTEM,2026-09-16 08:00:00
834,834,1,0,LOW,No significant risk detected.,No immediate action required.,SYSTEM,2026-09-16 08:00:00
835,835,1,0,LOW,No significant risk detected.,No immediate action required.,SYSTEM,2026-09-16 08:00:00
836,836,1,15,LOW,High workload detected,No immediate action required.,SYSTEM,2026-09-16 08:00:00
837,837,1,50,MEDIUM,Staffing coverage below requirement; Senior staff coverage insufficient,Review staffing before shift start.,SYSTEM,2026-09-16 08:00:00
838,838,1,0,LOW,No significant risk detected.,No immediate action required.,SYSTEM,2026-09-16 08:00:00
839,839,1,15,LOW,High workload detected,No immediate action required.,SYSTEM,2026-09-16 08:00:00
840,840,1,0,LOW,No significant risk detected.,No immediate action required.,SYSTEM,2026-09-16 08:00:00
841,841,1,0,LOW,No significant risk detected.,No immediate action required.,SYSTEM,2026-09-16 08:00:00
842,842,1,0,LOW,No significant risk detected.,No immediate action required.,SYSTEM,2026-09-16 08:00:00
843,843,1,0,LOW,No significant risk detected.,No immediate action required.,SYSTEM,2026-09-16 08:00:00
844,844,1,50,MEDIUM,Staffing coverage below requirement; Senior staff coverage insufficient,Review staffing before shift start.,SYSTEM,2026-09-16 08:00:00
845,845,1,0,LOW,No significant risk detected.,No immediate action required.,SYSTEM,2026-09-16 08:00:00
846,846,1,0,LOW,No significant risk detected.,No immediate action required.,SYSTEM,2026-09-16 08:00:00
847,847,1,0,LOW,No significant risk detected.,No immediate action required.,SYSTEM,2026-09-16 08:00:00
848,848,1,0,LOW,No significant risk detected.,No immediate action required.,SYSTEM,2026-09-16 08:00:00
849,849,1,0,LOW,No significant risk detected.,No immediate action required.,SYSTEM,2026-09-16 08:00:00
850,850,1,0,LOW,No significant risk detected.,No immediate action required.,SYSTEM,2026-09-16 08:00:00
851,851,1,0,LOW,No significant risk detected.,No immediate action required.,SYSTEM,2026-09-16 08:00:00
852,852,1,50,MEDIUM,Staffing coverage below requirement; Senior staff coverage insufficient,Review staffing before shift start.,SYSTEM,2026-09-16 08:00:00
853,853,1,0,LOW,No significant risk detected.,No immediate action required.,SYSTEM,2026-09-16 08:00:00
854,854,1,0,LOW,No significant risk detected.,No immediate action required.,SYSTEM,2026-09-16 08:00:00
855,855,1,0,LOW,No significant risk detected.,No immediate action required.,SYSTEM,2026-09-16 08:00:00
856,856,1,0,LOW,No significant risk detected.,No immediate action required.,SYSTEM,2026-09-16 08:00:00
857,857,1,0,LOW,No significant risk detected.,No immediate action required.,SYSTEM,2026-09-16 08:00:00
858,858,1,0,LOW,No significant risk detected.,No immediate action required.,SYSTEM,2026-09-16 08:00:00
859,859,1,0,LOW,No significant risk detected.,No immediate action required.,SYSTEM,2026-09-16 08:00:00
860,860,1,0,LOW,No significant risk detected.,No immediate action required.,SYSTEM,2026-09-16 08:00:00
861,861,1,0,LOW,No significant risk detected.,No immediate action required.,SYSTEM,2026-09-16 08:00:00
862,862,1,0,LOW,No significant risk detected.,No immediate action required.,SYSTEM,2026-09-16 08:00:00
863,863,1,0,LOW,No significant risk detected.,No immediate action required.,SYSTEM,2026-09-16 08:00:00
864,864,1,0,LOW,No significant risk detected.,No immediate action required.,SYSTEM,2026-09-16 08:00:00
865,865,1,0,LOW,No significant risk detected.,No immediate action required.,SYSTEM,2026-09-16 08:00:00
866,866,1,0,LOW,No significant risk detected.,No immediate action required.,SYSTEM,2026-09-16 08:00:00
867,867,1,0,LOW,No significant risk detected.,No immediate action required.,SYSTEM,2026-09-16 08:00:00
868,868,1,0,LOW,No significant risk detected.,No immediate action required.,SYSTEM,2026-09-16 08:00:00
869,869,1,0,LOW,No significant risk detected.,No immediate action required.,SYSTEM,2026-09-16 08:00:00
870,870,1,0,LOW,No significant risk detected.,No immediate action required.,SYSTEM,2026-09-16 08:00:00
871,871,1,15,LOW,High workload detected,No immediate action required.,SYSTEM,2026-09-16 08:00:00
872,872,1,30,MEDIUM,Staffing coverage below requirement,Review staffing before shift start.,SYSTEM,2026-09-16 08:00:00
873,873,1,0,LOW,No significant risk detected.,No immediate action required.,SYSTEM,2026-09-16 08:00:00
874,874,1,0,LOW,No significant risk detected.,No immediate action required.,SYSTEM,2026-09-16 08:00:00
875,875,1,45,MEDIUM,Staffing coverage below requirement; High workload detected,Review staffing before shift start.,SYSTEM,2026-09-16 08:00:00
876,876,1,15,LOW,High workload detected,No immediate action required.,SYSTEM,2026-09-16 08:00:00
877,877,1,0,LOW,No significant risk detected.,No immediate action required.,SYSTEM,2026-09-16 08:00:00
878,878,1,50,MEDIUM,Staffing coverage below requirement; Senior staff coverage insufficient,Review staffing before shift start.,SYSTEM,2026-09-16 08:00:00
879,879,1,0,LOW,No significant risk detected.,No immediate action required.,SYSTEM,2026-09-16 08:00:00
880,880,1,0,LOW,No significant risk detected.,No immediate action required.,SYSTEM,2026-09-16 08:00:00
881,881,1,0,LOW,No significant risk detected.,No immediate action required.,SYSTEM,2026-09-16 08:00:00
882,882,1,0,LOW,No significant risk detected.,No immediate action required.,SYSTEM,2026-09-16 08:00:00
883,883,1,15,LOW,High workload detected,No immediate action required.,SYSTEM,2026-09-16 08:00:00
884,884,1,0,LOW,No significant risk detected.,No immediate action required.,SYSTEM,2026-09-16 08:00:00
885,885,1,30,MEDIUM,Staffing coverage below requirement,Review staffing before shift start.,SYSTEM,2026-09-16 08:00:00
886,886,1,0,LOW,No significant risk detected.,No immediate action required.,SYSTEM,2026-09-16 08:00:00
887,887,1,15,LOW,High workload detected,No immediate action required.,SYSTEM,2026-09-16 08:00:00
888,888,1,0,LOW,No significant risk detected.,No immediate action required.,SYSTEM,2026-09-16 08:00:00
889,889,1,15,LOW,High workload detected,No immediate action required.,SYSTEM,2026-09-16 08:00:00
890,890,1,0,LOW,No significant risk detected.,No immediate action required.,SYSTEM,2026-09-16 08:00:00
891,891,1,0,LOW,No significant risk detected.,No immediate action required.,SYSTEM,2026-09-16 08:00:00
892,892,1,50,MEDIUM,Staffing coverage below requirement; Senior staff coverage insufficient,Review staffing before shift start.,SYSTEM,2026-09-16 08:00:00
893,893,1,15,LOW,High workload detected,No immediate action required.,SYSTEM,2026-09-16 08:00:00
894,894,1,30,MEDIUM,Staffing coverage below requirement,Review staffing before shift start.,SYSTEM,2026-09-16 08:00:00
895,895,1,0,LOW,No significant risk detected.,No immediate action required.,SYSTEM,2026-09-16 08:00:00
896,896,1,0,LOW,No significant risk detected.,No immediate action required.,SYSTEM,2026-09-16 08:00:00
897,897,1,0,LOW,No significant risk detected.,No immediate action required.,SYSTEM,2026-09-16 08:00:00
898,898,1,15,LOW,High workload detected,No immediate action required.,SYSTEM,2026-09-16 08:00:00
899,899,1,0,LOW,No significant risk detected.,No immediate action required.,SYSTEM,2026-09-16 08:00:00
900,900,1,0,LOW,No significant risk detected.,No immediate action required.,SYSTEM,2026-09-16 08:00:00
