shift_id,organization_id,department_id,shift_date,shift_type,start_time,end_time,required_staff,assigned_staff,required_senior_staff,assigned_senior_staff,workload_level,status
1,1,1,2026-09-01,MORNING,07:00,15:00,8,8,2,2,NORMAL,OPEN
2,1,1,2026-09-01,EVENING,15:00,23:00,8,8,2,2,NORMAL,OPEN
3,1,1,2026-09-01,NIGHT,23:00,07:00,8,8,2,2,NORMAL,OPEN
4,1,2,2026-09-01,MORNING,07:00,15:00,10,9,2,1,LOW,OPEN
5,1,2,2026-09-01,EVENING,15:00,23:00,10,10,2,2,MEDIUM,OPEN
6,1,2,2026-09-01,NIGHT,23:00,07:00,10,10,2,2,MEDIUM,OPEN
7,1,3,2026-09-01,MORNING,07:00,15:00,6,6,1,1,LOW,OPEN
8,1,3,2026-09-01,EVENING,15:00,23:00,6,6,1,1,NORMAL,OPEN
9,1,3,2026-09-01,NIGHT,23:00,07:00,6,6,1,1,NORMAL,OPEN
10,1,4,2026-09-01,MORNING,07:00,15:00,6,6,1,1,HIGH,OPEN
11,1,4,2026-09-01,EVENING,15:00,23:00,6,6,1,1,LOW,OPEN
12,1,4,2026-09-01,NIGHT,23:00,07:00,6,6,1,1,NORMAL,OPEN
13,1,5,2026-09-01,MORNING,07:00,15:00,8,8,1,1,NORMAL,OPEN
14,1,5,2026-09-01,EVENING,15:00,23:00,8,8,1,1,LOW,OPEN
15,1,5,2026-09-01,NIGHT,23:00,07:00,8,8,1,1,HIGH,OPEN
16,1,6,2026-09-01,MORNING,07:00,15:00,8,8,2,2,LOW,OPEN
17,1,6,2026-09-01,EVENING,15:00,23:00,8,8,2,2,NORMAL,OPEN
18,1,6,2026-09-01,NIGHT,23:00,07:00,8,8,2,2,MEDIUM,OPEN
19,1,7,2026-09-01,MORNING,07:00,15:00,5,5,1,1,HIGH,OPEN
20,1,7,2026-09-01,EVENING,15:00,23:00,5,5,1,1,MEDIUM,OPEN
21,1,7,2026-09-01,NIGHT,23:00,07:00,5,5,1,1,NORMAL,OPEN
22,1,8,2026-09-01,MORNING,07:00,15:00,5,5,1,1,MEDIUM,OPEN
23,1,8,2026-09-01,EVENING,15:00,23:00,5,5,1,1,NORMAL,OPEN
24,1,8,2026-09-01,NIGHT,23:00,07:00,5,4,1,1,MEDIUM,OPEN
25,1,9,2026-09-01,MORNING,07:00,15:00,4,4,1,1,NORMAL,OPEN
26,1,9,2026-09-01,EVENING,15:00,23:00,4,4,1,1,HIGH,OPEN
27,1,9,2026-09-01,NIGHT,23:00,07:00,4,4,1,1,LOW,OPEN
28,1,10,2026-09-01,MORNING,07:00,15:00,5,5,0,0,LOW,OPEN
29,1,10,2026-09-01,EVENING,15:00,23:00,5,5,0,0,NORMAL,OPEN
30,1,10,2026-09-01,NIGHT,23:00,07:00,5,4,0,0,HIGH,OPEN
31,1,1,2026-09-02,MORNING,07:00,15:00,8,7,2,1,LOW,OPEN
32,1,1,2026-09-02,EVENING,15:00,23:00,8,8,2,2,MEDIUM,OPEN
33,1,1,2026-09-02,NIGHT,23:00,07:00,8,8,2,2,HIGH,OPEN
34,1,2,2026-09-02,MORNING,07:00,15:00,10,10,2,2,NORMAL,OPEN
35,1,2,2026-09-02,EVENING,15:00,23:00,10,10,2,2,LOW,OPEN
36,1,2,2026-09-02,NIGHT,23:00,07:00,10,10,2,2,LOW,OPEN
37,1,3,2026-09-02,MORNING,07:00,15:00,6,6,1,1,NORMAL,OPEN
38,1,3,2026-09-02,EVENING,15:00,23:00,6,6,1,1,NORMAL,OPEN
39,1,3,2026-09-02,NIGHT,23:00,07:00,6,6,1,1,LOW,OPEN
40,1,4,2026-09-02,MORNING,07:00,15:00,6,5,1,1,HIGH,OPEN
41,1,4,2026-09-02,EVENING,15:00,23:00,6,6,1,1,MEDIUM,OPEN
42,1,4,2026-09-02,NIGHT,23:00,07:00,6,6,1,1,NORMAL,OPEN
43,1,5,2026-09-02,MORNING,07:00,15:00,8,8,1,1,HIGH,OPEN
44,1,5,2026-09-02,EVENING,15:00,23:00,8,8,1,1,NORMAL,OPEN
45,1,5,2026-09-02,NIGHT,23:00,07:00,8,8,1,1,NORMAL,OPEN
46,1,6,2026-09-02,MORNING,07:00,15:00,8,8,2,2,HIGH,OPEN
47,1,6,2026-09-02,EVENING,15:00,23:00,8,8,2,2,NORMAL,OPEN
48,1,6,2026-09-02,NIGHT,23:00,07:00,8,8,2,2,MEDIUM,OPEN
49,1,7,2026-09-02,MORNING,07:00,15:00,5,4,1,1,LOW,OPEN
50,1,7,2026-09-02,EVENING,15:00,23:00,5,5,1,1,HIGH,OPEN
51,1,7,2026-09-02,NIGHT,23:00,07:00,5,5,1,1,NORMAL,OPEN
52,1,8,2026-09-02,MORNING,07:00,15:00,5,3,1,1,HIGH,OPEN
53,1,8,2026-09-02,EVENING,15:00,23:00,5,5,1,1,NORMAL,OPEN
54,1,8,2026-09-02,NIGHT,23:00,07:00,5,5,1,1,MEDIUM,OPEN
55,1,9,2026-09-02,MORNING,07:00,15:00,4,4,1,1,NORMAL,OPEN
56,1,9,2026-09-02,EVENING,15:00,23:00,4,3,1,1,LOW,OPEN
57,1,9,2026-09-02,NIGHT,23:00,07:00,4,4,1,1,NORMAL,OPEN
58,1,10,2026-09-02,MORNING,07:00,15:00,5,5,0,0,NORMAL,OPEN
59,1,10,2026-09-02,EVENING,15:00,23:00,5,4,0,0,LOW,OPEN
60,1,10,2026-09-02,NIGHT,23:00,07:00,5,5,0,0,NORMAL,OPEN
61,1,1,2026-09-03,MORNING,07:00,15:00,8,8,2,2,NORMAL,OPEN
62,1,1,2026-09-03,EVENING,15:00,23:00,8,8,2,2,MEDIUM,OPEN
63,1,1,2026-09-03,NIGHT,23:00,07:00,8,8,2,2,NORMAL,OPEN
64,1,2,2026-09-03,MORNING,07:00,15:00,10,10,2,2,LOW,OPEN
65,1,2,2026-09-03,EVENING,15:00,23:00,10,10,2,2,NORMAL,OPEN
66,1,2,2026-09-03,NIGHT,23:00,07:00,10,10,2,2,MEDIUM,OPEN
67,1,3,2026-09-03,MORNING,07:00,15:00,6,6,1,1,MEDIUM,OPEN
68,1,3,2026-09-03,EVENING,15:00,23:00,6,6,1,1,MEDIUM,OPEN
69,1,3,2026-09-03,NIGHT,23:00,07:00,6,6,1,1,MEDIUM,OPEN
70,1,4,2026-09-03,MORNING,07:00,15:00,6,4,1,1,NORMAL,OPEN
71,1,4,2026-09-03,EVENING,15:00,23:00,6,4,1,0,NORMAL,OPEN
72,1,4,2026-09-03,NIGHT,23:00,07:00,6,6,1,1,HIGH,OPEN
73,1,5,2026-09-03,MORNING,07:00,15:00,8,8,1,1,NORMAL,OPEN
74,1,5,2026-09-03,EVENING,15:00,23:00,8,8,1,1,NORMAL,OPEN
75,1,5,2026-09-03,NIGHT,23:00,07:00,8,8,1,1,NORMAL,OPEN
76,1,6,2026-09-03,MORNING,07:00,15:00,8,7,2,1,MEDIUM,OPEN
77,1,6,2026-09-03,EVENING,15:00,23:00,8,6,2,1,LOW,OPEN
78,1,6,2026-09-03,NIGHT,23:00,07:00,8,8,2,2,LOW,OPEN
79,1,7,2026-09-03,MORNING,07:00,15:00,5,5,1,1,HIGH,OPEN
80,1,7,2026-09-03,EVENING,15:00,23:00,5,5,1,1,HIGH,OPEN
81,1,7,2026-09-03,NIGHT,23:00,07:00,5,5,1,1,NORMAL,OPEN
82,1,8,2026-09-03,MORNING,07:00,15:00,5,5,1,1,NORMAL,OPEN
83,1,8,2026-09-03,EVENING,15:00,23:00,5,3,1,1,HIGH,OPEN
84,1,8,2026-09-03,NIGHT,23:00,07:00,5,5,1,1,MEDIUM,OPEN
85,1,9,2026-09-03,MORNING,07:00,15:00,4,2,1,1,MEDIUM,OPEN
86,1,9,2026-09-03,EVENING,15:00,23:00,4,4,1,1,LOW,OPEN
87,1,9,2026-09-03,NIGHT,23:00,07:00,4,4,1,1,NORMAL,OPEN
88,1,10,2026-09-03,MORNING,07:00,15:00,5,5,0,0,MEDIUM,OPEN
89,1,10,2026-09-03,EVENING,15:00,23:00,5,4,0,0,NORMAL,OPEN
90,1,10,2026-09-03,NIGHT,23:00,07:00,5,5,0,0,NORMAL,OPEN
91,1,1,2026-09-04,MORNING,07:00,15:00,8,7,2,1,NORMAL,OPEN
92,1,1,2026-09-04,EVENING,15:00,23:00,8,8,2,2,MEDIUM,OPEN
93,1,1,2026-09-04,NIGHT,23:00,07:00,8,8,2,2,LOW,OPEN
94,1,2,2026-09-04,MORNING,07:00,15:00,10,10,2,2,HIGH,OPEN
95,1,2,2026-09-04,EVENING,15:00,23:00,10,10,2,2,MEDIUM,OPEN
96,1,2,2026-09-04,NIGHT,23:00,07:00,10,10,2,2,LOW,OPEN
97,1,3,2026-09-04,MORNING,07:00,15:00,6,5,1,1,LOW,OPEN
98,1,3,2026-09-04,EVENING,15:00,23:00,6,6,1,1,HIGH,OPEN
99,1,3,2026-09-04,NIGHT,23:00,07:00,6,6,1,1,LOW,OPEN
100,1,4,2026-09-04,MORNING,07:00,15:00,6,6,1,1,HIGH,OPEN
101,1,4,2026-09-04,EVENING,15:00,23:00,6,6,1,1,HIGH,OPEN
102,1,4,2026-09-04,NIGHT,23:00,07:00,6,6,1,1,MEDIUM,OPEN
103,1,5,2026-09-04,MORNING,07:00,15:00,8,8,1,1,NORMAL,OPEN
104,1,5,2026-09-04,EVENING,15:00,23:00,8,8,1,1,NORMAL,OPEN
105,1,5,2026-09-04,NIGHT,23:00,07:00,8,8,1,1,NORMAL,OPEN
106,1,6,2026-09-04,MORNING,07:00,15:00,8,8,2,2,HIGH,OPEN
107,1,6,2026-09-04,EVENING,15:00,23:00,8,8,2,2,NORMAL,OPEN
108,1,6,2026-09-04,NIGHT,23:00,07:00,8,6,2,2,LOW,OPEN
109,1,7,2026-09-04,MORNING,07:00,15:00,5,5,1,1,LOW,OPEN
110,1,7,2026-09-04,EVENING,15:00,23:00,5,5,1,1,NORMAL,OPEN
111,1,7,2026-09-04,NIGHT,23:00,07:00,5,5,1,1,NORMAL,OPEN
112,1,8,2026-09-04,MORNING,07:00,15:00,5,5,1,1,LOW,OPEN
113,1,8,2026-09-04,EVENING,15:00,23:00,5,3,1,0,MEDIUM,OPEN
114,1,8,2026-09-04,NIGHT,23:00,07:00,5,5,1,1,LOW,OPEN
115,1,9,2026-09-04,MORNING,07:00,15:00,4,4,1,1,NORMAL,OPEN
116,1,9,2026-09-04,EVENING,15:00,23:00,4,4,1,1,MEDIUM,OPEN
117,1,9,2026-09-04,NIGHT,23:00,07:00,4,4,1,1,NORMAL,OPEN
118,1,10,2026-09-04,MORNING,07:00,15:00,5,5,0,0,LOW,OPEN
119,1,10,2026-09-04,EVENING,15:00,23:00,5,5,0,0,LOW,OPEN
120,1,10,2026-09-04,NIGHT,23:00,07:00,5,4,0,0,HIGH,OPEN
121,1,1,2026-09-05,MORNING,07:00,15:00,8,8,2,2,HIGH,OPEN
122,1,1,2026-09-05,EVENING,15:00,23:00,8,8,2,2,NORMAL,OPEN
123,1,1,2026-09-05,NIGHT,23:00,07:00,8,8,2,2,LOW,OPEN
124,1,2,2026-09-05,MORNING,07:00,15:00,10,10,2,2,LOW,OPEN
125,1,2,2026-09-05,EVENING,15:00,23:00,10,10,2,2,MEDIUM,OPEN
126,1,2,2026-09-05,NIGHT,23:00,07:00,10,10,2,2,MEDIUM,OPEN
127,1,3,2026-09-05,MORNING,07:00,15:00,6,6,1,1,NORMAL,OPEN
128,1,3,2026-09-05,EVENING,15:00,23:00,6,6,1,1,NORMAL,OPEN
129,1,3,2026-09-05,NIGHT,23:00,07:00,6,4,1,0,NORMAL,OPEN
130,1,4,2026-09-05,MORNING,07:00,15:00,6,6,1,1,HIGH,OPEN
131,1,4,2026-09-05,EVENING,15:00,23:00,6,6,1,1,MEDIUM,OPEN
132,1,4,2026-09-05,NIGHT,23:00,07:00,6,6,1,1,NORMAL,OPEN
133,1,5,2026-09-05,MORNING,07:00,15:00,8,8,1,1,NORMAL,OPEN
134,1,5,2026-09-05,EVENING,15:00,23:00,8,8,1,1,MEDIUM,OPEN
135,1,5,2026-09-05,NIGHT,23:00,07:00,8,8,1,1,NORMAL,OPEN
136,1,6,2026-09-05,MORNING,07:00,15:00,8,8,2,2,HIGH,OPEN
137,1,6,2026-09-05,EVENING,15:00,23:00,8,8,2,2,HIGH,OPEN
138,1,6,2026-09-05,NIGHT,23:00,07:00,8,8,2,2,HIGH,OPEN
139,1,7,2026-09-05,MORNING,07:00,15:00,5,5,1,1,NORMAL,OPEN
140,1,7,2026-09-05,EVENING,15:00,23:00,5,5,1,1,NORMAL,OPEN
141,1,7,2026-09-05,NIGHT,23:00,07:00,5,5,1,1,NORMAL,OPEN
142,1,8,2026-09-05,MORNING,07:00,15:00,5,5,1,1,NORMAL,OPEN
143,1,8,2026-09-05,EVENING,15:00,23:00,5,5,1,1,NORMAL,OPEN
144,1,8,2026-09-05,NIGHT,23:00,07:00,5,5,1,1,NORMAL,OPEN
145,1,9,2026-09-05,MORNING,07:00,15:00,4,4,1,1,HIGH,OPEN
146,1,9,2026-09-05,EVENING,15:00,23:00,4,4,1,1,MEDIUM,OPEN
147,1,9,2026-09-05,NIGHT,23:00,07:00,4,4,1,1,HIGH,OPEN
148,1,10,2026-09-05,MORNING,07:00,15:00,5,5,0,0,MEDIUM,OPEN
149,1,10,2026-09-05,EVENING,15:00,23:00,5,4,0,0,HIGH,OPEN
150,1,10,2026-09-05,NIGHT,23:00,07:00,5,5,0,0,LOW,OPEN
151,1,1,2026-09-06,MORNING,07:00,15:00,8,8,2,2,NORMAL,OPEN
152,1,1,2026-09-06,EVENING,15:00,23:00,8,8,2,2,NORMAL,OPEN
153,1,1,2026-09-06,NIGHT,23:00,07:00,8,7,2,1,NORMAL,OPEN
154,1,2,2026-09-06,MORNING,07:00,15:00,10,10,2,2,NORMAL,OPEN
155,1,2,2026-09-06,EVENING,15:00,23:00,10,10,2,2,LOW,OPEN
156,1,2,2026-09-06,NIGHT,23:00,07:00,10,8,2,2,MEDIUM,OPEN
157,1,3,2026-09-06,MORNING,07:00,15:00,6,6,1,1,HIGH,OPEN
158,1,3,2026-09-06,EVENING,15:00,23:00,6,6,1,1,HIGH,OPEN
159,1,3,2026-09-06,NIGHT,23:00,07:00,6,6,1,1,NORMAL,OPEN
160,1,4,2026-09-06,MORNING,07:00,15:00,6,6,1,1,LOW,OPEN
161,1,4,2026-09-06,EVENING,15:00,23:00,6,6,1,1,MEDIUM,OPEN
162,1,4,2026-09-06,NIGHT,23:00,07:00,6,6,1,1,NORMAL,OPEN
163,1,5,2026-09-06,MORNING,07:00,15:00,8,7,1,1,LOW,OPEN
164,1,5,2026-09-06,EVENING,15:00,23:00,8,8,1,1,HIGH,OPEN
165,1,5,2026-09-06,NIGHT,23:00,07:00,8,8,1,1,MEDIUM,OPEN
166,1,6,2026-09-06,MORNING,07:00,15:00,8,8,2,2,NORMAL,OPEN
167,1,6,2026-09-06,EVENING,15:00,23:00,8,8,2,2,HIGH,OPEN
168,1,6,2026-09-06,NIGHT,23:00,07:00,8,8,2,2,NORMAL,OPEN
169,1,7,2026-09-06,MORNING,07:00,15:00,5,5,1,1,NORMAL,OPEN
170,1,7,2026-09-06,EVENING,15:00,23:00,5,5,1,1,NORMAL,OPEN
171,1,7,2026-09-06,NIGHT,23:00,07:00,5,5,1,1,LOW,OPEN
172,1,8,2026-09-06,MORNING,07:00,15:00,5,5,1,1,NORMAL,OPEN
173,1,8,2026-09-06,EVENING,15:00,23:00,5,5,1,1,LOW,OPEN
174,1,8,2026-09-06,NIGHT,23:00,07:00,5,5,1,1,MEDIUM,OPEN
175,1,9,2026-09-06,MORNING,07:00,15:00,4,2,1,0,NORMAL,OPEN
176,1,9,2026-09-06,EVENING,15:00,23:00,4,4,1,1,LOW,OPEN
177,1,9,2026-09-06,NIGHT,23:00,07:00,4,3,1,1,NORMAL,OPEN
178,1,10,2026-09-06,MORNING,07:00,15:00,5,5,0,0,HIGH,OPEN
179,1,10,2026-09-06,EVENING,15:00,23:00,5,5,0,0,NORMAL,OPEN
180,1,10,2026-09-06,NIGHT,23:00,07:00,5,5,0,0,HIGH,OPEN
181,1,1,2026-09-07,MORNING,07:00,15:00,8,8,2,2,LOW,OPEN
182,1,1,2026-09-07,EVENING,15:00,23:00,8,8,2,2,NORMAL,OPEN
183,1,1,2026-09-07,NIGHT,23:00,07:00,8,8,2,2,NORMAL,OPEN
184,1,2,2026-09-07,MORNING,07:00,15:00,10,8,2,1,HIGH,OPEN
185,1,2,2026-09-07,EVENING,15:00,23:00,10,10,2,2,LOW,OPEN
186,1,2,2026-09-07,NIGHT,23:00,07:00,10,10,2,2,NORMAL,OPEN
187,1,3,2026-09-07,MORNING,07:00,15:00,6,6,1,1,NORMAL,OPEN
188,1,3,2026-09-07,EVENING,15:00,23:00,6,6,1,1,NORMAL,OPEN
189,1,3,2026-09-07,NIGHT,23:00,07:00,6,6,1,1,HIGH,OPEN
190,1,4,2026-09-07,MORNING,07:00,15:00,6,6,1,1,HIGH,OPEN
191,1,4,2026-09-07,EVENING,15:00,23:00,6,5,1,0,LOW,OPEN
192,1,4,2026-09-07,NIGHT,23:00,07:00,6,6,1,1,NORMAL,OPEN
193,1,5,2026-09-07,MORNING,07:00,15:00,8,8,1,1,HIGH,OPEN
194,1,5,2026-09-07,EVENING,15:00,23:00,8,8,1,1,NORMAL,OPEN
195,1,5,2026-09-07,NIGHT,23:00,07:00,8,8,1,1,NORMAL,OPEN
196,1,6,2026-09-07,MORNING,07:00,15:00,8,8,2,2,LOW,OPEN
197,1,6,2026-09-07,EVENING,15:00,23:00,8,8,2,2,HIGH,OPEN
198,1,6,2026-09-07,NIGHT,23:00,07:00,8,8,2,2,LOW,OPEN
199,1,7,2026-09-07,MORNING,07:00,15:00,5,5,1,1,NORMAL,OPEN
200,1,7,2026-09-07,EVENING,15:00,23:00,5,5,1,1,HIGH,OPEN
201,1,7,2026-09-07,NIGHT,23:00,07:00,5,5,1,1,LOW,OPEN
202,1,8,2026-09-07,MORNING,07:00,15:00,5,5,1,1,NORMAL,OPEN
203,1,8,2026-09-07,EVENING,15:00,23:00,5,5,1,1,LOW,OPEN
204,1,8,2026-09-07,NIGHT,23:00,07:00,5,5,1,1,NORMAL,OPEN
205,1,9,2026-09-07,MORNING,07:00,15:00,4,4,1,1,HIGH,OPEN
206,1,9,2026-09-07,EVENING,15:00,23:00,4,4,1,1,LOW,OPEN
207,1,9,2026-09-07,NIGHT,23:00,07:00,4,4,1,1,NORMAL,OPEN
208,1,10,2026-09-07,MORNING,07:00,15:00,5,5,0,0,MEDIUM,OPEN
209,1,10,2026-09-07,EVENING,15:00,23:00,5,5,0,0,NORMAL,OPEN
210,1,10,2026-09-07,NIGHT,23:00,07:00,5,5,0,0,MEDIUM,OPEN
211,1,1,2026-09-08,MORNING,07:00,15:00,8,8,2,2,LOW,OPEN
212,1,1,2026-09-08,EVENING,15:00,23:00,8,6,2,1,NORMAL,OPEN
213,1,1,2026-09-08,NIGHT,23:00,07:00,8,7,2,2,LOW,OPEN
214,1,2,2026-09-08,MORNING,07:00,15:00,10,10,2,2,NORMAL,OPEN
215,1,2,2026-09-08,EVENING,15:00,23:00,10,10,2,2,HIGH,OPEN
216,1,2,2026-09-08,NIGHT,23:00,07:00,10,10,2,2,NORMAL,OPEN
217,1,3,2026-09-08,MORNING,07:00,15:00,6,6,1,1,MEDIUM,OPEN
218,1,3,2026-09-08,EVENING,15:00,23:00,6,6,1,1,MEDIUM,OPEN
219,1,3,2026-09-08,NIGHT,23:00,07:00,6,6,1,1,MEDIUM,OPEN
220,1,4,2026-09-08,MORNING,07:00,15:00,6,4,1,1,HIGH,OPEN
221,1,4,2026-09-08,EVENING,15:00,23:00,6,5,1,0,HIGH,OPEN
222,1,4,2026-09-08,NIGHT,23:00,07:00,6,4,1,0,HIGH,OPEN
223,1,5,2026-09-08,MORNING,07:00,15:00,8,7,1,0,HIGH,OPEN
224,1,5,2026-09-08,EVENING,15:00,23:00,8,8,1,1,MEDIUM,OPEN
225,1,5,2026-09-08,NIGHT,23:00,07:00,8,8,1,1,LOW,OPEN
226,1,6,2026-09-08,MORNING,07:00,15:00,8,8,2,2,HIGH,OPEN
227,1,6,2026-09-08,EVENING,15:00,23:00,8,8,2,2,MEDIUM,OPEN
228,1,6,2026-09-08,NIGHT,23:00,07:00,8,8,2,2,HIGH,OPEN
229,1,7,2026-09-08,MORNING,07:00,15:00,5,5,1,1,NORMAL,OPEN
230,1,7,2026-09-08,EVENING,15:00,23:00,5,5,1,1,NORMAL,OPEN
231,1,7,2026-09-08,NIGHT,23:00,07:00,5,5,1,1,LOW,OPEN
232,1,8,2026-09-08,MORNING,07:00,15:00,5,4,1,1,HIGH,OPEN
233,1,8,2026-09-08,EVENING,15:00,23:00,5,5,1,1,HIGH,OPEN
234,1,8,2026-09-08,NIGHT,23:00,07:00,5,5,1,1,HIGH,OPEN
235,1,9,2026-09-08,MORNING,07:00,15:00,4,4,1,1,LOW,OPEN
236,1,9,2026-09-08,EVENING,15:00,23:00,4,4,1,1,NORMAL,OPEN
237,1,9,2026-09-08,NIGHT,23:00,07:00,4,3,1,1,HIGH,OPEN
238,1,10,2026-09-08,MORNING,07:00,15:00,5,5,0,0,HIGH,OPEN
239,1,10,2026-09-08,EVENING,15:00,23:00,5,3,0,0,NORMAL,OPEN
240,1,10,2026-09-08,NIGHT,23:00,07:00,5,5,0,0,HIGH,OPEN
241,1,1,2026-09-09,MORNING,07:00,15:00,8,6,2,2,HIGH,OPEN
242,1,1,2026-09-09,EVENING,15:00,23:00,8,6,2,1,NORMAL,OPEN
243,1,1,2026-09-09,NIGHT,23:00,07:00,8,8,2,2,NORMAL,OPEN
244,1,2,2026-09-09,MORNING,07:00,15:00,10,8,2,2,NORMAL,OPEN
245,1,2,2026-09-09,EVENING,15:00,23:00,10,10,2,2,NORMAL,OPEN
246,1,2,2026-09-09,NIGHT,23:00,07:00,10,10,2,2,MEDIUM,OPEN
247,1,3,2026-09-09,MORNING,07:00,15:00,6,6,1,1,NORMAL,OPEN
248,1,3,2026-09-09,EVENING,15:00,23:00,6,6,1,1,NORMAL,OPEN
249,1,3,2026-09-09,NIGHT,23:00,07:00,6,6,1,1,NORMAL,OPEN
250,1,4,2026-09-09,MORNING,07:00,15:00,6,6,1,1,MEDIUM,OPEN
251,1,4,2026-09-09,EVENING,15:00,23:00,6,6,1,1,NORMAL,OPEN
252,1,4,2026-09-09,NIGHT,23:00,07:00,6,6,1,1,NORMAL,OPEN
253,1,5,2026-09-09,MORNING,07:00,15:00,8,8,1,1,MEDIUM,OPEN
254,1,5,2026-09-09,EVENING,15:00,23:00,8,6,1,0,NORMAL,OPEN
255,1,5,2026-09-09,NIGHT,23:00,07:00,8,8,1,1,MEDIUM,OPEN
256,1,6,2026-09-09,MORNING,07:00,15:00,8,8,2,2,NORMAL,OPEN
257,1,6,2026-09-09,EVENING,15:00,23:00,8,8,2,2,MEDIUM,OPEN
258,1,6,2026-09-09,NIGHT,23:00,07:00,8,8,2,2,NORMAL,OPEN
259,1,7,2026-09-09,MORNING,07:00,15:00,5,5,1,1,LOW,OPEN
260,1,7,2026-09-09,EVENING,15:00,23:00,5,5,1,1,NORMAL,OPEN
261,1,7,2026-09-09,NIGHT,23:00,07:00,5,5,1,1,NORMAL,OPEN
262,1,8,2026-09-09,MORNING,07:00,15:00,5,5,1,1,LOW,OPEN
263,1,8,2026-09-09,EVENING,15:00,23:00,5,5,1,1,LOW,OPEN
264,1,8,2026-09-09,NIGHT,23:00,07:00,5,5,1,1,LOW,OPEN
265,1,9,2026-09-09,MORNING,07:00,15:00,4,4,1,1,HIGH,OPEN
266,1,9,2026-09-09,EVENING,15:00,23:00,4,4,1,1,HIGH,OPEN
267,1,9,2026-09-09,NIGHT,23:00,07:00,4,4,1,1,LOW,OPEN
268,1,10,2026-09-09,MORNING,07:00,15:00,5,5,0,0,HIGH,OPEN
269,1,10,2026-09-09,EVENING,15:00,23:00,5,5,0,0,HIGH,OPEN
270,1,10,2026-09-09,NIGHT,23:00,07:00,5,5,0,0,NORMAL,OPEN
271,1,1,2026-09-10,MORNING,07:00,15:00,8,8,2,2,NORMAL,OPEN
272,1,1,2026-09-10,EVENING,15:00,23:00,8,8,2,2,HIGH,OPEN
273,1,1,2026-09-10,NIGHT,23:00,07:00,8,6,2,2,NORMAL,OPEN
274,1,2,2026-09-10,MORNING,07:00,15:00,10,10,2,2,MEDIUM,OPEN
275,1,2,2026-09-10,EVENING,15:00,23:00,10,10,2,2,LOW,OPEN
276,1,2,2026-09-10,NIGHT,23:00,07:00,10,10,2,2,HIGH,OPEN
277,1,3,2026-09-10,MORNING,07:00,15:00,6,5,1,1,HIGH,OPEN
278,1,3,2026-09-10,EVENING,15:00,23:00,6,6,1,1,HIGH,OPEN
279,1,3,2026-09-10,NIGHT,23:00,07:00,6,6,1,1,NORMAL,OPEN
280,1,4,2026-09-10,MORNING,07:00,15:00,6,6,1,1,MEDIUM,OPEN
281,1,4,2026-09-10,EVENING,15:00,23:00,6,6,1,1,LOW,OPEN
282,1,4,2026-09-10,NIGHT,23:00,07:00,6,6,1,1,MEDIUM,OPEN
283,1,5,2026-09-10,MORNING,07:00,15:00,8,8,1,1,NORMAL,OPEN
284,1,5,2026-09-10,EVENING,15:00,23:00,8,8,1,1,LOW,OPEN
285,1,5,2026-09-10,NIGHT,23:00,07:00,8,8,1,1,HIGH,OPEN
286,1,6,2026-09-10,MORNING,07:00,15:00,8,8,2,2,NORMAL,OPEN
287,1,6,2026-09-10,EVENING,15:00,23:00,8,8,2,2,MEDIUM,OPEN
288,1,6,2026-09-10,NIGHT,23:00,07:00,8,8,2,2,LOW,OPEN
289,1,7,2026-09-10,MORNING,07:00,15:00,5,3,1,0,NORMAL,OPEN
290,1,7,2026-09-10,EVENING,15:00,23:00,5,5,1,1,NORMAL,OPEN
291,1,7,2026-09-10,NIGHT,23:00,07:00,5,5,1,1,HIGH,OPEN
292,1,8,2026-09-10,MORNING,07:00,15:00,5,5,1,1,MEDIUM,OPEN
293,1,8,2026-09-10,EVENING,15:00,23:00,5,5,1,1,LOW,OPEN
294,1,8,2026-09-10,NIGHT,23:00,07:00,5,5,1,1,MEDIUM,OPEN
295,1,9,2026-09-10,MORNING,07:00,15:00,4,4,1,1,NORMAL,OPEN
296,1,9,2026-09-10,EVENING,15:00,23:00,4,4,1,1,NORMAL,OPEN
297,1,9,2026-09-10,NIGHT,23:00,07:00,4,4,1,1,NORMAL,OPEN
298,1,10,2026-09-10,MORNING,07:00,15:00,5,5,0,0,MEDIUM,OPEN
299,1,10,2026-09-10,EVENING,15:00,23:00,5,5,0,0,LOW,OPEN
300,1,10,2026-09-10,NIGHT,23:00,07:00,5,5,0,0,NORMAL,OPEN
301,1,1,2026-09-11,MORNING,07:00,15:00,8,6,2,1,NORMAL,OPEN
302,1,1,2026-09-11,EVENING,15:00,23:00,8,7,2,1,NORMAL,OPEN
303,1,1,2026-09-11,NIGHT,23:00,07:00,8,8,2,2,HIGH,OPEN
304,1,2,2026-09-11,MORNING,07:00,15:00,10,10,2,2,LOW,OPEN
305,1,2,2026-09-11,EVENING,15:00,23:00,10,10,2,2,MEDIUM,OPEN
306,1,2,2026-09-11,NIGHT,23:00,07:00,10,10,2,2,LOW,OPEN
307,1,3,2026-09-11,MORNING,07:00,15:00,6,6,1,1,MEDIUM,OPEN
308,1,3,2026-09-11,EVENING,15:00,23:00,6,6,1,1,HIGH,OPEN
309,1,3,2026-09-11,NIGHT,23:00,07:00,6,5,1,1,MEDIUM,OPEN
310,1,4,2026-09-11,MORNING,07:00,15:00,6,6,1,1,HIGH,OPEN
311,1,4,2026-09-11,EVENING,15:00,23:00,6,6,1,1,NORMAL,OPEN
312,1,4,2026-09-11,NIGHT,23:00,07:00,6,6,1,1,LOW,OPEN
313,1,5,2026-09-11,MORNING,07:00,15:00,8,7,1,1,NORMAL,OPEN
314,1,5,2026-09-11,EVENING,15:00,23:00,8,8,1,1,HIGH,OPEN
315,1,5,2026-09-11,NIGHT,23:00,07:00,8,8,1,1,HIGH,OPEN
316,1,6,2026-09-11,MORNING,07:00,15:00,8,8,2,2,LOW,OPEN
317,1,6,2026-09-11,EVENING,15:00,23:00,8,8,2,2,NORMAL,OPEN
318,1,6,2026-09-11,NIGHT,23:00,07:00,8,8,2,2,NORMAL,OPEN
319,1,7,2026-09-11,MORNING,07:00,15:00,5,5,1,1,MEDIUM,OPEN
320,1,7,2026-09-11,EVENING,15:00,23:00,5,5,1,1,NORMAL,OPEN
321,1,7,2026-09-11,NIGHT,23:00,07:00,5,5,1,1,MEDIUM,OPEN
322,1,8,2026-09-11,MORNING,07:00,15:00,5,5,1,1,HIGH,OPEN
323,1,8,2026-09-11,EVENING,15:00,23:00,5,5,1,1,NORMAL,OPEN
324,1,8,2026-09-11,NIGHT,23:00,07:00,5,5,1,1,HIGH,OPEN
325,1,9,2026-09-11,MORNING,07:00,15:00,4,4,1,1,NORMAL,OPEN
326,1,9,2026-09-11,EVENING,15:00,23:00,4,4,1,1,HIGH,OPEN
327,1,9,2026-09-11,NIGHT,23:00,07:00,4,4,1,1,NORMAL,OPEN
328,1,10,2026-09-11,MORNING,07:00,15:00,5,4,0,0,NORMAL,OPEN
329,1,10,2026-09-11,EVENING,15:00,23:00,5,5,0,0,NORMAL,OPEN
330,1,10,2026-09-11,NIGHT,23:00,07:00,5,5,0,0,NORMAL,OPEN
331,1,1,2026-09-12,MORNING,07:00,15:00,8,8,2,2,HIGH,OPEN
332,1,1,2026-09-12,EVENING,15:00,23:00,8,8,2,2,HIGH,OPEN
333,1,1,2026-09-12,NIGHT,23:00,07:00,8,6,2,2,LOW,OPEN
334,1,2,2026-09-12,MORNING,07:00,15:00,10,10,2,2,HIGH,OPEN
335,1,2,2026-09-12,EVENING,15:00,23:00,10,10,2,2,LOW,OPEN
336,1,2,2026-09-12,NIGHT,23:00,07:00,10,10,2,2,MEDIUM,OPEN
337,1,3,2026-09-12,MORNING,07:00,15:00,6,6,1,1,NORMAL,OPEN
338,1,3,2026-09-12,EVENING,15:00,23:00,6,6,1,1,HIGH,OPEN
339,1,3,2026-09-12,NIGHT,23:00,07:00,6,6,1,1,MEDIUM,OPEN
340,1,4,2026-09-12,MORNING,07:00,15:00,6,6,1,1,MEDIUM,OPEN
341,1,4,2026-09-12,EVENING,15:00,23:00,6,5,1,0,HIGH,OPEN
342,1,4,2026-09-12,NIGHT,23:00,07:00,6,6,1,1,MEDIUM,OPEN
343,1,5,2026-09-12,MORNING,07:00,15:00,8,8,1,1,LOW,OPEN
344,1,5,2026-09-12,EVENING,15:00,23:00,8,8,1,1,HIGH,OPEN
345,1,5,2026-09-12,NIGHT,23:00,07:00,8,6,1,1,NORMAL,OPEN
346,1,6,2026-09-12,MORNING,07:00,15:00,8,8,2,2,HIGH,OPEN
347,1,6,2026-09-12,EVENING,15:00,23:00,8,6,2,2,HIGH,OPEN
348,1,6,2026-09-12,NIGHT,23:00,07:00,8,8,2,2,NORMAL,OPEN
349,1,7,2026-09-12,MORNING,07:00,15:00,5,3,1,0,LOW,OPEN
350,1,7,2026-09-12,EVENING,15:00,23:00,5,5,1,1,NORMAL,OPEN
351,1,7,2026-09-12,NIGHT,23:00,07:00,5,5,1,1,MEDIUM,OPEN
352,1,8,2026-09-12,MORNING,07:00,15:00,5,5,1,1,HIGH,OPEN
353,1,8,2026-09-12,EVENING,15:00,23:00,5,5,1,1,MEDIUM,OPEN
354,1,8,2026-09-12,NIGHT,23:00,07:00,5,5,1,1,MEDIUM,OPEN
355,1,9,2026-09-12,MORNING,07:00,15:00,4,4,1,1,HIGH,OPEN
356,1,9,2026-09-12,EVENING,15:00,23:00,4,4,1,1,NORMAL,OPEN
357,1,9,2026-09-12,NIGHT,23:00,07:00,4,4,1,1,MEDIUM,OPEN
358,1,10,2026-09-12,MORNING,07:00,15:00,5,5,0,0,NORMAL,OPEN
359,1,10,2026-09-12,EVENING,15:00,23:00,5,5,0,0,MEDIUM,OPEN
360,1,10,2026-09-12,NIGHT,23:00,07:00,5,5,0,0,LOW,OPEN
361,1,1,2026-09-13,MORNING,07:00,15:00,8,8,2,2,MEDIUM,OPEN
362,1,1,2026-09-13,EVENING,15:00,23:00,8,6,2,1,NORMAL,OPEN
363,1,1,2026-09-13,NIGHT,23:00,07:00,8,8,2,2,NORMAL,OPEN
364,1,2,2026-09-13,MORNING,07:00,15:00,10,10,2,2,HIGH,OPEN
365,1,2,2026-09-13,EVENING,15:00,23:00,10,10,2,2,LOW,OPEN
366,1,2,2026-09-13,NIGHT,23:00,07:00,10,10,2,2,LOW,OPEN
367,1,3,2026-09-13,MORNING,07:00,15:00,6,6,1,1,NORMAL,OPEN
368,1,3,2026-09-13,EVENING,15:00,23:00,6,6,1,1,HIGH,OPEN
369,1,3,2026-09-13,NIGHT,23:00,07:00,6,6,1,1,LOW,OPEN
370,1,4,2026-09-13,MORNING,07:00,15:00,6,5,1,0,NORMAL,OPEN
371,1,4,2026-09-13,EVENING,15:00,23:00,6,6,1,1,MEDIUM,OPEN
372,1,4,2026-09-13,NIGHT,23:00,07:00,6,6,1,1,HIGH,OPEN
373,1,5,2026-09-13,MORNING,07:00,15:00,8,7,1,0,HIGH,OPEN
374,1,5,2026-09-13,EVENING,15:00,23:00,8,6,1,0,MEDIUM,OPEN
375,1,5,2026-09-13,NIGHT,23:00,07:00,8,6,1,1,NORMAL,OPEN
376,1,6,2026-09-13,MORNING,07:00,15:00,8,8,2,2,HIGH,OPEN
377,1,6,2026-09-13,EVENING,15:00,23:00,8,8,2,2,LOW,OPEN
378,1,6,2026-09-13,NIGHT,23:00,07:00,8,8,2,2,LOW,OPEN
379,1,7,2026-09-13,MORNING,07:00,15:00,5,5,1,1,LOW,OPEN
380,1,7,2026-09-13,EVENING,15:00,23:00,5,5,1,1,MEDIUM,OPEN
381,1,7,2026-09-13,NIGHT,23:00,07:00,5,5,1,1,MEDIUM,OPEN
382,1,8,2026-09-13,MORNING,07:00,15:00,5,5,1,1,NORMAL,OPEN
383,1,8,2026-09-13,EVENING,15:00,23:00,5,5,1,1,LOW,OPEN
384,1,8,2026-09-13,NIGHT,23:00,07:00,5,5,1,1,HIGH,OPEN
385,1,9,2026-09-13,MORNING,07:00,15:00,4,4,1,1,HIGH,OPEN
386,1,9,2026-09-13,EVENING,15:00,23:00,4,4,1,1,NORMAL,OPEN
387,1,9,2026-09-13,NIGHT,23:00,07:00,4,4,1,1,NORMAL,OPEN
388,1,10,2026-09-13,MORNING,07:00,15:00,5,5,0,0,NORMAL,OPEN
389,1,10,2026-09-13,EVENING,15:00,23:00,5,5,0,0,MEDIUM,OPEN
390,1,10,2026-09-13,NIGHT,23:00,07:00,5,5,0,0,NORMAL,OPEN
391,1,1,2026-09-14,MORNING,07:00,15:00,8,7,2,1,HIGH,OPEN
392,1,1,2026-09-14,EVENING,15:00,23:00,8,8,2,2,NORMAL,OPEN
393,1,1,2026-09-14,NIGHT,23:00,07:00,8,8,2,2,HIGH,OPEN
394,1,2,2026-09-14,MORNING,07:00,15:00,10,10,2,2,HIGH,OPEN
395,1,2,2026-09-14,EVENING,15:00,23:00,10,10,2,2,HIGH,OPEN
396,1,2,2026-09-14,NIGHT,23:00,07:00,10,10,2,2,MEDIUM,OPEN
397,1,3,2026-09-14,MORNING,07:00,15:00,6,6,1,1,HIGH,OPEN
398,1,3,2026-09-14,EVENING,15:00,23:00,6,6,1,1,NORMAL,OPEN
399,1,3,2026-09-14,NIGHT,23:00,07:00,6,6,1,1,MEDIUM,OPEN
400,1,4,2026-09-14,MORNING,07:00,15:00,6,6,1,1,HIGH,OPEN
401,1,4,2026-09-14,EVENING,15:00,23:00,6,5,1,0,MEDIUM,OPEN
402,1,4,2026-09-14,NIGHT,23:00,07:00,6,6,1,1,NORMAL,OPEN
403,1,5,2026-09-14,MORNING,07:00,15:00,8,8,1,1,NORMAL,OPEN
404,1,5,2026-09-14,EVENING,15:00,23:00,8,8,1,1,MEDIUM,OPEN
405,1,5,2026-09-14,NIGHT,23:00,07:00,8,8,1,1,HIGH,OPEN
406,1,6,2026-09-14,MORNING,07:00,15:00,8,8,2,2,NORMAL,OPEN
407,1,6,2026-09-14,EVENING,15:00,23:00,8,8,2,2,LOW,OPEN
408,1,6,2026-09-14,NIGHT,23:00,07:00,8,7,2,1,NORMAL,OPEN
409,1,7,2026-09-14,MORNING,07:00,15:00,5,5,1,1,NORMAL,OPEN
410,1,7,2026-09-14,EVENING,15:00,23:00,5,5,1,1,HIGH,OPEN
411,1,7,2026-09-14,NIGHT,23:00,07:00,5,5,1,1,NORMAL,OPEN
412,1,8,2026-09-14,MORNING,07:00,15:00,5,5,1,1,NORMAL,OPEN
413,1,8,2026-09-14,EVENING,15:00,23:00,5,5,1,1,NORMAL,OPEN
414,1,8,2026-09-14,NIGHT,23:00,07:00,5,5,1,1,NORMAL,OPEN
415,1,9,2026-09-14,MORNING,07:00,15:00,4,4,1,1,NORMAL,OPEN
416,1,9,2026-09-14,EVENING,15:00,23:00,4,3,1,1,NORMAL,OPEN
417,1,9,2026-09-14,NIGHT,23:00,07:00,4,4,1,1,LOW,OPEN
418,1,10,2026-09-14,MORNING,07:00,15:00,5,5,0,0,MEDIUM,OPEN
419,1,10,2026-09-14,EVENING,15:00,23:00,5,5,0,0,HIGH,OPEN
420,1,10,2026-09-14,NIGHT,23:00,07:00,5,5,0,0,MEDIUM,OPEN
421,1,1,2026-09-15,MORNING,07:00,15:00,8,8,2,2,NORMAL,OPEN
422,1,1,2026-09-15,EVENING,15:00,23:00,8,8,2,2,HIGH,OPEN
423,1,1,2026-09-15,NIGHT,23:00,07:00,8,8,2,2,MEDIUM,OPEN
424,1,2,2026-09-15,MORNING,07:00,15:00,10,10,2,2,HIGH,OPEN
425,1,2,2026-09-15,EVENING,15:00,23:00,10,10,2,2,NORMAL,OPEN
426,1,2,2026-09-15,NIGHT,23:00,07:00,10,9,2,1,NORMAL,OPEN
427,1,3,2026-09-15,MORNING,07:00,15:00,6,5,1,0,HIGH,OPEN
428,1,3,2026-09-15,EVENING,15:00,23:00,6,6,1,1,NORMAL,OPEN
429,1,3,2026-09-15,NIGHT,23:00,07:00,6,6,1,1,LOW,OPEN
430,1,4,2026-09-15,MORNING,07:00,15:00,6,6,1,1,MEDIUM,OPEN
431,1,4,2026-09-15,EVENING,15:00,23:00,6,5,1,0,LOW,OPEN
432,1,4,2026-09-15,NIGHT,23:00,07:00,6,5,1,0,HIGH,OPEN
433,1,5,2026-09-15,MORNING,07:00,15:00,8,8,1,1,NORMAL,OPEN
434,1,5,2026-09-15,EVENING,15:00,23:00,8,8,1,1,NORMAL,OPEN
435,1,5,2026-09-15,NIGHT,23:00,07:00,8,8,1,1,HIGH,OPEN
436,1,6,2026-09-15,MORNING,07:00,15:00,8,8,2,2,NORMAL,OPEN
437,1,6,2026-09-15,EVENING,15:00,23:00,8,8,2,2,NORMAL,OPEN
438,1,6,2026-09-15,NIGHT,23:00,07:00,8,8,2,2,NORMAL,OPEN
439,1,7,2026-09-15,MORNING,07:00,15:00,5,5,1,1,MEDIUM,OPEN
440,1,7,2026-09-15,EVENING,15:00,23:00,5,5,1,1,NORMAL,OPEN
441,1,7,2026-09-15,NIGHT,23:00,07:00,5,5,1,1,HIGH,OPEN
442,1,8,2026-09-15,MORNING,07:00,15:00,5,5,1,1,LOW,OPEN
443,1,8,2026-09-15,EVENING,15:00,23:00,5,5,1,1,NORMAL,OPEN
444,1,8,2026-09-15,NIGHT,23:00,07:00,5,5,1,1,MEDIUM,OPEN
445,1,9,2026-09-15,MORNING,07:00,15:00,4,4,1,1,NORMAL,OPEN
446,1,9,2026-09-15,EVENING,15:00,23:00,4,4,1,1,LOW,OPEN
447,1,9,2026-09-15,NIGHT,23:00,07:00,4,2,1,0,MEDIUM,OPEN
448,1,10,2026-09-15,MORNING,07:00,15:00,5,5,0,0,MEDIUM,OPEN
449,1,10,2026-09-15,EVENING,15:00,23:00,5,5,0,0,HIGH,OPEN
450,1,10,2026-09-15,NIGHT,23:00,07:00,5,5,0,0,LOW,OPEN
451,1,1,2026-09-16,MORNING,07:00,15:00,8,7,2,1,NORMAL,OPEN
452,1,1,2026-09-16,EVENING,15:00,23:00,8,8,2,2,LOW,OPEN
453,1,1,2026-09-16,NIGHT,23:00,07:00,8,6,2,1,HIGH,OPEN
454,1,2,2026-09-16,MORNING,07:00,15:00,10,10,2,2,NORMAL,OPEN
455,1,2,2026-09-16,EVENING,15:00,23:00,10,10,2,2,HIGH,OPEN
456,1,2,2026-09-16,NIGHT,23:00,07:00,10,10,2,2,NORMAL,OPEN
457,1,3,2026-09-16,MORNING,07:00,15:00,6,4,1,1,MEDIUM,OPEN
458,1,3,2026-09-16,EVENING,15:00,23:00,6,6,1,1,HIGH,OPEN
459,1,3,2026-09-16,NIGHT,23:00,07:00,6,6,1,1,HIGH,OPEN
460,1,4,2026-09-16,MORNING,07:00,15:00,6,6,1,1,NORMAL,OPEN
461,1,4,2026-09-16,EVENING,15:00,23:00,6,6,1,1,HIGH,OPEN
462,1,4,2026-09-16,NIGHT,23:00,07:00,6,6,1,1,MEDIUM,OPEN
463,1,5,2026-09-16,MORNING,07:00,15:00,8,8,1,1,MEDIUM,OPEN
464,1,5,2026-09-16,EVENING,15:00,23:00,8,8,1,1,MEDIUM,OPEN
465,1,5,2026-09-16,NIGHT,23:00,07:00,8,8,1,1,NORMAL,OPEN
466,1,6,2026-09-16,MORNING,07:00,15:00,8,8,2,2,NORMAL,OPEN
467,1,6,2026-09-16,EVENING,15:00,23:00,8,8,2,2,HIGH,OPEN
468,1,6,2026-09-16,NIGHT,23:00,07:00,8,7,2,2,LOW,OPEN
469,1,7,2026-09-16,MORNING,07:00,15:00,5,5,1,1,NORMAL,OPEN
470,1,7,2026-09-16,EVENING,15:00,23:00,5,5,1,1,NORMAL,OPEN
471,1,7,2026-09-16,NIGHT,23:00,07:00,5,5,1,1,HIGH,OPEN
472,1,8,2026-09-16,MORNING,07:00,15:00,5,5,1,1,NORMAL,OPEN
473,1,8,2026-09-16,EVENING,15:00,23:00,5,5,1,1,NORMAL,OPEN
474,1,8,2026-09-16,NIGHT,23:00,07:00,5,5,1,1,HIGH,OPEN
475,1,9,2026-09-16,MORNING,07:00,15:00,4,4,1,1,MEDIUM,OPEN
476,1,9,2026-09-16,EVENING,15:00,23:00,4,3,1,0,LOW,OPEN
477,1,9,2026-09-16,NIGHT,23:00,07:00,4,4,1,1,LOW,OPEN
478,1,10,2026-09-16,MORNING,07:00,15:00,5,4,0,0,MEDIUM,OPEN
479,1,10,2026-09-16,EVENING,15:00,23:00,5,4,0,0,HIGH,OPEN
480,1,10,2026-09-16,NIGHT,23:00,07:00,5,5,0,0,LOW,OPEN
481,1,1,2026-09-17,MORNING,07:00,15:00,8,7,2,1,NORMAL,OPEN
482,1,1,2026-09-17,EVENING,15:00,23:00,8,8,2,2,NORMAL,OPEN
483,1,1,2026-09-17,NIGHT,23:00,07:00,8,8,2,2,NORMAL,OPEN
484,1,2,2026-09-17,MORNING,07:00,15:00,10,9,2,2,NORMAL,OPEN
485,1,2,2026-09-17,EVENING,15:00,23:00,10,10,2,2,LOW,OPEN
486,1,2,2026-09-17,NIGHT,23:00,07:00,10,10,2,2,NORMAL,OPEN
487,1,3,2026-09-17,MORNING,07:00,15:00,6,6,1,1,MEDIUM,OPEN
488,1,3,2026-09-17,EVENING,15:00,23:00,6,6,1,1,HIGH,OPEN
489,1,3,2026-09-17,NIGHT,23:00,07:00,6,6,1,1,HIGH,OPEN
490,1,4,2026-09-17,MORNING,07:00,15:00,6,6,1,1,HIGH,OPEN
491,1,4,2026-09-17,EVENING,15:00,23:00,6,6,1,1,HIGH,OPEN
492,1,4,2026-09-17,NIGHT,23:00,07:00,6,6,1,1,HIGH,OPEN
493,1,5,2026-09-17,MORNING,07:00,15:00,8,8,1,1,HIGH,OPEN
494,1,5,2026-09-17,EVENING,15:00,23:00,8,8,1,1,NORMAL,OPEN
495,1,5,2026-09-17,NIGHT,23:00,07:00,8,8,1,1,NORMAL,OPEN
496,1,6,2026-09-17,MORNING,07:00,15:00,8,8,2,2,MEDIUM,OPEN
497,1,6,2026-09-17,EVENING,15:00,23:00,8,8,2,2,MEDIUM,OPEN
498,1,6,2026-09-17,NIGHT,23:00,07:00,8,6,2,2,NORMAL,OPEN
499,1,7,2026-09-17,MORNING,07:00,15:00,5,5,1,1,NORMAL,OPEN
500,1,7,2026-09-17,EVENING,15:00,23:00,5,4,1,0,HIGH,OPEN
501,1,7,2026-09-17,NIGHT,23:00,07:00,5,4,1,0,NORMAL,OPEN
502,1,8,2026-09-17,MORNING,07:00,15:00,5,5,1,1,HIGH,OPEN
503,1,8,2026-09-17,EVENING,15:00,23:00,5,5,1,1,LOW,OPEN
504,1,8,2026-09-17,NIGHT,23:00,07:00,5,5,1,1,NORMAL,OPEN
505,1,9,2026-09-17,MORNING,07:00,15:00,4,4,1,1,HIGH,OPEN
506,1,9,2026-09-17,EVENING,15:00,23:00,4,4,1,1,NORMAL,OPEN
507,1,9,2026-09-17,NIGHT,23:00,07:00,4,4,1,1,MEDIUM,OPEN
508,1,10,2026-09-17,MORNING,07:00,15:00,5,5,0,0,NORMAL,OPEN
509,1,10,2026-09-17,EVENING,15:00,23:00,5,5,0,0,MEDIUM,OPEN
510,1,10,2026-09-17,NIGHT,23:00,07:00,5,5,0,0,HIGH,OPEN
511,1,1,2026-09-18,MORNING,07:00,15:00,8,8,2,2,HIGH,OPEN
512,1,1,2026-09-18,EVENING,15:00,23:00,8,8,2,2,NORMAL,OPEN
513,1,1,2026-09-18,NIGHT,23:00,07:00,8,8,2,2,HIGH,OPEN
514,1,2,2026-09-18,MORNING,07:00,15:00,10,10,2,2,MEDIUM,OPEN
515,1,2,2026-09-18,EVENING,15:00,23:00,10,10,2,2,LOW,OPEN
516,1,2,2026-09-18,NIGHT,23:00,07:00,10,9,2,1,NORMAL,OPEN
517,1,3,2026-09-18,MORNING,07:00,15:00,6,6,1,1,NORMAL,OPEN
518,1,3,2026-09-18,EVENING,15:00,23:00,6,6,1,1,MEDIUM,OPEN
519,1,3,2026-09-18,NIGHT,23:00,07:00,6,4,1,1,LOW,OPEN
520,1,4,2026-09-18,MORNING,07:00,15:00,6,6,1,1,NORMAL,OPEN
521,1,4,2026-09-18,EVENING,15:00,23:00,6,6,1,1,NORMAL,OPEN
522,1,4,2026-09-18,NIGHT,23:00,07:00,6,6,1,1,MEDIUM,OPEN
523,1,5,2026-09-18,MORNING,07:00,15:00,8,7,1,0,NORMAL,OPEN
524,1,5,2026-09-18,EVENING,15:00,23:00,8,8,1,1,NORMAL,OPEN
525,1,5,2026-09-18,NIGHT,23:00,07:00,8,8,1,1,NORMAL,OPEN
526,1,6,2026-09-18,MORNING,07:00,15:00,8,8,2,2,MEDIUM,OPEN
527,1,6,2026-09-18,EVENING,15:00,23:00,8,8,2,2,MEDIUM,OPEN
528,1,6,2026-09-18,NIGHT,23:00,07:00,8,8,2,2,LOW,OPEN
529,1,7,2026-09-18,MORNING,07:00,15:00,5,4,1,1,NORMAL,OPEN
530,1,7,2026-09-18,EVENING,15:00,23:00,5,5,1,1,HIGH,OPEN
531,1,7,2026-09-18,NIGHT,23:00,07:00,5,5,1,1,NORMAL,OPEN
532,1,8,2026-09-18,MORNING,07:00,15:00,5,5,1,1,NORMAL,OPEN
533,1,8,2026-09-18,EVENING,15:00,23:00,5,3,1,1,LOW,OPEN
534,1,8,2026-09-18,NIGHT,23:00,07:00,5,5,1,1,MEDIUM,OPEN
535,1,9,2026-09-18,MORNING,07:00,15:00,4,4,1,1,MEDIUM,OPEN
536,1,9,2026-09-18,EVENING,15:00,23:00,4,4,1,1,LOW,OPEN
537,1,9,2026-09-18,NIGHT,23:00,07:00,4,4,1,1,LOW,OPEN
538,1,10,2026-09-18,MORNING,07:00,15:00,5,5,0,0,NORMAL,OPEN
539,1,10,2026-09-18,EVENING,15:00,23:00,5,5,0,0,NORMAL,OPEN
540,1,10,2026-09-18,NIGHT,23:00,07:00,5,5,0,0,NORMAL,OPEN
541,1,1,2026-09-19,MORNING,07:00,15:00,8,8,2,2,LOW,OPEN
542,1,1,2026-09-19,EVENING,15:00,23:00,8,8,2,2,HIGH,OPEN
543,1,1,2026-09-19,NIGHT,23:00,07:00,8,8,2,2,NORMAL,OPEN
544,1,2,2026-09-19,MORNING,07:00,15:00,10,10,2,2,NORMAL,OPEN
545,1,2,2026-09-19,EVENING,15:00,23:00,10,10,2,2,LOW,OPEN
546,1,2,2026-09-19,NIGHT,23:00,07:00,10,10,2,2,NORMAL,OPEN
547,1,3,2026-09-19,MORNING,07:00,15:00,6,6,1,1,NORMAL,OPEN
548,1,3,2026-09-19,EVENING,15:00,23:00,6,5,1,1,NORMAL,OPEN
549,1,3,2026-09-19,NIGHT,23:00,07:00,6,6,1,1,MEDIUM,OPEN
550,1,4,2026-09-19,MORNING,07:00,15:00,6,6,1,1,LOW,OPEN
551,1,4,2026-09-19,EVENING,15:00,23:00,6,6,1,1,HIGH,OPEN
552,1,4,2026-09-19,NIGHT,23:00,07:00,6,6,1,1,MEDIUM,OPEN
553,1,5,2026-09-19,MORNING,07:00,15:00,8,8,1,1,NORMAL,OPEN
554,1,5,2026-09-19,EVENING,15:00,23:00,8,8,1,1,LOW,OPEN
555,1,5,2026-09-19,NIGHT,23:00,07:00,8,6,1,0,MEDIUM,OPEN
556,1,6,2026-09-19,MORNING,07:00,15:00,8,6,2,2,LOW,OPEN
557,1,6,2026-09-19,EVENING,15:00,23:00,8,8,2,2,HIGH,OPEN
558,1,6,2026-09-19,NIGHT,23:00,07:00,8,8,2,2,NORMAL,OPEN
559,1,7,2026-09-19,MORNING,07:00,15:00,5,5,1,1,NORMAL,OPEN
560,1,7,2026-09-19,EVENING,15:00,23:00,5,5,1,1,NORMAL,OPEN
561,1,7,2026-09-19,NIGHT,23:00,07:00,5,5,1,1,MEDIUM,OPEN
562,1,8,2026-09-19,MORNING,07:00,15:00,5,5,1,1,LOW,OPEN
563,1,8,2026-09-19,EVENING,15:00,23:00,5,5,1,1,NORMAL,OPEN
564,1,8,2026-09-19,NIGHT,23:00,07:00,5,5,1,1,NORMAL,OPEN
565,1,9,2026-09-19,MORNING,07:00,15:00,4,4,1,1,MEDIUM,OPEN
566,1,9,2026-09-19,EVENING,15:00,23:00,4,4,1,1,HIGH,OPEN
567,1,9,2026-09-19,NIGHT,23:00,07:00,4,4,1,1,MEDIUM,OPEN
568,1,10,2026-09-19,MORNING,07:00,15:00,5,5,0,0,NORMAL,OPEN
569,1,10,2026-09-19,EVENING,15:00,23:00,5,5,0,0,NORMAL,OPEN
570,1,10,2026-09-19,NIGHT,23:00,07:00,5,5,0,0,NORMAL,OPEN
571,1,1,2026-09-20,MORNING,07:00,15:00,8,8,2,2,HIGH,OPEN
572,1,1,2026-09-20,EVENING,15:00,23:00,8,8,2,2,HIGH,OPEN
573,1,1,2026-09-20,NIGHT,23:00,07:00,8,7,2,1,HIGH,OPEN
574,1,2,2026-09-20,MORNING,07:00,15:00,10,10,2,2,HIGH,OPEN
575,1,2,2026-09-20,EVENING,15:00,23:00,10,10,2,2,LOW,OPEN
576,1,2,2026-09-20,NIGHT,23:00,07:00,10,10,2,2,HIGH,OPEN
577,1,3,2026-09-20,MORNING,07:00,15:00,6,6,1,1,NORMAL,OPEN
578,1,3,2026-09-20,EVENING,15:00,23:00,6,6,1,1,HIGH,OPEN
579,1,3,2026-09-20,NIGHT,23:00,07:00,6,6,1,1,HIGH,OPEN
580,1,4,2026-09-20,MORNING,07:00,15:00,6,6,1,1,LOW,OPEN
581,1,4,2026-09-20,EVENING,15:00,23:00,6,6,1,1,HIGH,OPEN
582,1,4,2026-09-20,NIGHT,23:00,07:00,6,6,1,1,NORMAL,OPEN
583,1,5,2026-09-20,MORNING,07:00,15:00,8,8,1,1,MEDIUM,OPEN
584,1,5,2026-09-20,EVENING,15:00,23:00,8,8,1,1,NORMAL,OPEN
585,1,5,2026-09-20,NIGHT,23:00,07:00,8,8,1,1,NORMAL,OPEN
586,1,6,2026-09-20,MORNING,07:00,15:00,8,6,2,2,NORMAL,OPEN
587,1,6,2026-09-20,EVENING,15:00,23:00,8,8,2,2,LOW,OPEN
588,1,6,2026-09-20,NIGHT,23:00,07:00,8,8,2,2,NORMAL,OPEN
589,1,7,2026-09-20,MORNING,07:00,15:00,5,5,1,1,LOW,OPEN
590,1,7,2026-09-20,EVENING,15:00,23:00,5,5,1,1,MEDIUM,OPEN
591,1,7,2026-09-20,NIGHT,23:00,07:00,5,5,1,1,LOW,OPEN
592,1,8,2026-09-20,MORNING,07:00,15:00,5,5,1,1,MEDIUM,OPEN
593,1,8,2026-09-20,EVENING,15:00,23:00,5,5,1,1,HIGH,OPEN
594,1,8,2026-09-20,NIGHT,23:00,07:00,5,5,1,1,HIGH,OPEN
595,1,9,2026-09-20,MORNING,07:00,15:00,4,4,1,1,NORMAL,OPEN
596,1,9,2026-09-20,EVENING,15:00,23:00,4,3,1,0,LOW,OPEN
597,1,9,2026-09-20,NIGHT,23:00,07:00,4,4,1,1,LOW,OPEN
598,1,10,2026-09-20,MORNING,07:00,15:00,5,5,0,0,LOW,OPEN
599,1,10,2026-09-20,EVENING,15:00,23:00,5,5,0,0,MEDIUM,OPEN
600,1,10,2026-09-20,NIGHT,23:00,07:00,5,5,0,0,LOW,OPEN
601,1,1,2026-09-21,MORNING,07:00,15:00,8,8,2,2,NORMAL,OPEN
602,1,1,2026-09-21,EVENING,15:00,23:00,8,8,2,2,LOW,OPEN
603,1,1,2026-09-21,NIGHT,23:00,07:00,8,8,2,2,LOW,OPEN
604,1,2,2026-09-21,MORNING,07:00,15:00,10,8,2,2,HIGH,OPEN
605,1,2,2026-09-21,EVENING,15:00,23:00,10,10,2,2,HIGH,OPEN
606,1,2,2026-09-21,NIGHT,23:00,07:00,10,10,2,2,NORMAL,OPEN
607,1,3,2026-09-21,MORNING,07:00,15:00,6,6,1,1,NORMAL,OPEN
608,1,3,2026-09-21,EVENING,15:00,23:00,6,6,1,1,NORMAL,OPEN
609,1,3,2026-09-21,NIGHT,23:00,07:00,6,6,1,1,HIGH,OPEN
610,1,4,2026-09-21,MORNING,07:00,15:00,6,6,1,1,LOW,OPEN
611,1,4,2026-09-21,EVENING,15:00,23:00,6,6,1,1,HIGH,OPEN
612,1,4,2026-09-21,NIGHT,23:00,07:00,6,6,1,1,MEDIUM,OPEN
613,1,5,2026-09-21,MORNING,07:00,15:00,8,8,1,1,MEDIUM,OPEN
614,1,5,2026-09-21,EVENING,15:00,23:00,8,8,1,1,NORMAL,OPEN
615,1,5,2026-09-21,NIGHT,23:00,07:00,8,8,1,1,HIGH,OPEN
616,1,6,2026-09-21,MORNING,07:00,15:00,8,8,2,2,NORMAL,OPEN
617,1,6,2026-09-21,EVENING,15:00,23:00,8,8,2,2,HIGH,OPEN
618,1,6,2026-09-21,NIGHT,23:00,07:00,8,8,2,2,MEDIUM,OPEN
619,1,7,2026-09-21,MORNING,07:00,15:00,5,5,1,1,NORMAL,OPEN
620,1,7,2026-09-21,EVENING,15:00,23:00,5,5,1,1,NORMAL,OPEN
621,1,7,2026-09-21,NIGHT,23:00,07:00,5,5,1,1,MEDIUM,OPEN
622,1,8,2026-09-21,MORNING,07:00,15:00,5,5,1,1,MEDIUM,OPEN
623,1,8,2026-09-21,EVENING,15:00,23:00,5,5,1,1,NORMAL,OPEN
624,1,8,2026-09-21,NIGHT,23:00,07:00,5,5,1,1,HIGH,OPEN
625,1,9,2026-09-21,MORNING,07:00,15:00,4,4,1,1,MEDIUM,OPEN
626,1,9,2026-09-21,EVENING,15:00,23:00,4,4,1,1,NORMAL,OPEN
627,1,9,2026-09-21,NIGHT,23:00,07:00,4,4,1,1,MEDIUM,OPEN
628,1,10,2026-09-21,MORNING,07:00,15:00,5,4,0,0,MEDIUM,OPEN
629,1,10,2026-09-21,EVENING,15:00,23:00,5,4,0,0,HIGH,OPEN
630,1,10,2026-09-21,NIGHT,23:00,07:00,5,5,0,0,LOW,OPEN
631,1,1,2026-09-22,MORNING,07:00,15:00,8,8,2,2,NORMAL,OPEN
632,1,1,2026-09-22,EVENING,15:00,23:00,8,6,2,1,NORMAL,OPEN
633,1,1,2026-09-22,NIGHT,23:00,07:00,8,8,2,2,HIGH,OPEN
634,1,2,2026-09-22,MORNING,07:00,15:00,10,10,2,2,HIGH,OPEN
635,1,2,2026-09-22,EVENING,15:00,23:00,10,9,2,1,NORMAL,OPEN
636,1,2,2026-09-22,NIGHT,23:00,07:00,10,9,2,2,NORMAL,OPEN
637,1,3,2026-09-22,MORNING,07:00,15:00,6,6,1,1,NORMAL,OPEN
638,1,3,2026-09-22,EVENING,15:00,23:00,6,5,1,1,NORMAL,OPEN
639,1,3,2026-09-22,NIGHT,23:00,07:00,6,6,1,1,LOW,OPEN
640,1,4,2026-09-22,MORNING,07:00,15:00,6,6,1,1,MEDIUM,OPEN
641,1,4,2026-09-22,EVENING,15:00,23:00,6,6,1,1,HIGH,OPEN
642,1,4,2026-09-22,NIGHT,23:00,07:00,6,6,1,1,LOW,OPEN
643,1,5,2026-09-22,MORNING,07:00,15:00,8,6,1,0,NORMAL,OPEN
644,1,5,2026-09-22,EVENING,15:00,23:00,8,8,1,1,LOW,OPEN
645,1,5,2026-09-22,NIGHT,23:00,07:00,8,8,1,1,NORMAL,OPEN
646,1,6,2026-09-22,MORNING,07:00,15:00,8,8,2,2,MEDIUM,OPEN
647,1,6,2026-09-22,EVENING,15:00,23:00,8,8,2,2,LOW,OPEN
648,1,6,2026-09-22,NIGHT,23:00,07:00,8,8,2,2,NORMAL,OPEN
649,1,7,2026-09-22,MORNING,07:00,15:00,5,5,1,1,HIGH,OPEN
650,1,7,2026-09-22,EVENING,15:00,23:00,5,3,1,1,MEDIUM,OPEN
651,1,7,2026-09-22,NIGHT,23:00,07:00,5,5,1,1,NORMAL,OPEN
652,1,8,2026-09-22,MORNING,07:00,15:00,5,5,1,1,NORMAL,OPEN
653,1,8,2026-09-22,EVENING,15:00,23:00,5,3,1,0,NORMAL,OPEN
654,1,8,2026-09-22,NIGHT,23:00,07:00,5,5,1,1,MEDIUM,OPEN
655,1,9,2026-09-22,MORNING,07:00,15:00,4,4,1,1,HIGH,OPEN
656,1,9,2026-09-22,EVENING,15:00,23:00,4,4,1,1,NORMAL,OPEN
657,1,9,2026-09-22,NIGHT,23:00,07:00,4,3,1,1,MEDIUM,OPEN
658,1,10,2026-09-22,MORNING,07:00,15:00,5,5,0,0,MEDIUM,OPEN
659,1,10,2026-09-22,EVENING,15:00,23:00,5,5,0,0,LOW,OPEN
660,1,10,2026-09-22,NIGHT,23:00,07:00,5,3,0,0,NORMAL,OPEN
661,1,1,2026-09-23,MORNING,07:00,15:00,8,8,2,2,NORMAL,OPEN
662,1,1,2026-09-23,EVENING,15:00,23:00,8,8,2,2,MEDIUM,OPEN
663,1,1,2026-09-23,NIGHT,23:00,07:00,8,8,2,2,MEDIUM,OPEN
664,1,2,2026-09-23,MORNING,07:00,15:00,10,10,2,2,HIGH,OPEN
665,1,2,2026-09-23,EVENING,15:00,23:00,10,10,2,2,HIGH,OPEN
666,1,2,2026-09-23,NIGHT,23:00,07:00,10,10,2,2,HIGH,OPEN
667,1,3,2026-09-23,MORNING,07:00,15:00,6,6,1,1,LOW,OPEN
668,1,3,2026-09-23,EVENING,15:00,23:00,6,6,1,1,MEDIUM,OPEN
669,1,3,2026-09-23,NIGHT,23:00,07:00,6,4,1,0,HIGH,OPEN
670,1,4,2026-09-23,MORNING,07:00,15:00,6,6,1,1,MEDIUM,OPEN
671,1,4,2026-09-23,EVENING,15:00,23:00,6,6,1,1,NORMAL,OPEN
672,1,4,2026-09-23,NIGHT,23:00,07:00,6,6,1,1,HIGH,OPEN
673,1,5,2026-09-23,MORNING,07:00,15:00,8,8,1,1,NORMAL,OPEN
674,1,5,2026-09-23,EVENING,15:00,23:00,8,8,1,1,NORMAL,OPEN
675,1,5,2026-09-23,NIGHT,23:00,07:00,8,8,1,1,MEDIUM,OPEN
676,1,6,2026-09-23,MORNING,07:00,15:00,8,7,2,2,MEDIUM,OPEN
677,1,6,2026-09-23,EVENING,15:00,23:00,8,6,2,2,NORMAL,OPEN
678,1,6,2026-09-23,NIGHT,23:00,07:00,8,8,2,2,LOW,OPEN
679,1,7,2026-09-23,MORNING,07:00,15:00,5,5,1,1,NORMAL,OPEN
680,1,7,2026-09-23,EVENING,15:00,23:00,5,5,1,1,NORMAL,OPEN
681,1,7,2026-09-23,NIGHT,23:00,07:00,5,3,1,1,NORMAL,OPEN
682,1,8,2026-09-23,MORNING,07:00,15:00,5,5,1,1,NORMAL,OPEN
683,1,8,2026-09-23,EVENING,15:00,23:00,5,5,1,1,LOW,OPEN
684,1,8,2026-09-23,NIGHT,23:00,07:00,5,5,1,1,HIGH,OPEN
685,1,9,2026-09-23,MORNING,07:00,15:00,4,4,1,1,HIGH,OPEN
686,1,9,2026-09-23,EVENING,15:00,23:00,4,4,1,1,NORMAL,OPEN
687,1,9,2026-09-23,NIGHT,23:00,07:00,4,4,1,1,HIGH,OPEN
688,1,10,2026-09-23,MORNING,07:00,15:00,5,5,0,0,NORMAL,OPEN
689,1,10,2026-09-23,EVENING,15:00,23:00,5,5,0,0,LOW,OPEN
690,1,10,2026-09-23,NIGHT,23:00,07:00,5,4,0,0,HIGH,OPEN
691,1,1,2026-09-24,MORNING,07:00,15:00,8,8,2,2,NORMAL,OPEN
692,1,1,2026-09-24,EVENING,15:00,23:00,8,8,2,2,HIGH,OPEN
693,1,1,2026-09-24,NIGHT,23:00,07:00,8,8,2,2,MEDIUM,OPEN
694,1,2,2026-09-24,MORNING,07:00,15:00,10,8,2,1,LOW,OPEN
695,1,2,2026-09-24,EVENING,15:00,23:00,10,10,2,2,NORMAL,OPEN
696,1,2,2026-09-24,NIGHT,23:00,07:00,10,10,2,2,LOW,OPEN
697,1,3,2026-09-24,MORNING,07:00,15:00,6,6,1,1,MEDIUM,OPEN
698,1,3,2026-09-24,EVENING,15:00,23:00,6,6,1,1,MEDIUM,OPEN
699,1,3,2026-09-24,NIGHT,23:00,07:00,6,6,1,1,LOW,OPEN
700,1,4,2026-09-24,MORNING,07:00,15:00,6,6,1,1,MEDIUM,OPEN
701,1,4,2026-09-24,EVENING,15:00,23:00,6,5,1,0,HIGH,OPEN
702,1,4,2026-09-24,NIGHT,23:00,07:00,6,6,1,1,HIGH,OPEN
703,1,5,2026-09-24,MORNING,07:00,15:00,8,6,1,0,LOW,OPEN
704,1,5,2026-09-24,EVENING,15:00,23:00,8,8,1,1,NORMAL,OPEN
705,1,5,2026-09-24,NIGHT,23:00,07:00,8,6,1,0,NORMAL,OPEN
706,1,6,2026-09-24,MORNING,07:00,15:00,8,8,2,2,NORMAL,OPEN
707,1,6,2026-09-24,EVENING,15:00,23:00,8,8,2,2,NORMAL,OPEN
708,1,6,2026-09-24,NIGHT,23:00,07:00,8,8,2,2,HIGH,OPEN
709,1,7,2026-09-24,MORNING,07:00,15:00,5,5,1,1,LOW,OPEN
710,1,7,2026-09-24,EVENING,15:00,23:00,5,5,1,1,MEDIUM,OPEN
711,1,7,2026-09-24,NIGHT,23:00,07:00,5,5,1,1,LOW,OPEN
712,1,8,2026-09-24,MORNING,07:00,15:00,5,5,1,1,NORMAL,OPEN
713,1,8,2026-09-24,EVENING,15:00,23:00,5,5,1,1,NORMAL,OPEN
714,1,8,2026-09-24,NIGHT,23:00,07:00,5,4,1,1,NORMAL,OPEN
715,1,9,2026-09-24,MORNING,07:00,15:00,4,4,1,1,MEDIUM,OPEN
716,1,9,2026-09-24,EVENING,15:00,23:00,4,4,1,1,NORMAL,OPEN
717,1,9,2026-09-24,NIGHT,23:00,07:00,4,4,1,1,NORMAL,OPEN
718,1,10,2026-09-24,MORNING,07:00,15:00,5,5,0,0,NORMAL,OPEN
719,1,10,2026-09-24,EVENING,15:00,23:00,5,5,0,0,NORMAL,OPEN
720,1,10,2026-09-24,NIGHT,23:00,07:00,5,5,0,0,NORMAL,OPEN
721,1,1,2026-09-25,MORNING,07:00,15:00,8,8,2,2,NORMAL,OPEN
722,1,1,2026-09-25,EVENING,15:00,23:00,8,8,2,2,NORMAL,OPEN
723,1,1,2026-09-25,NIGHT,23:00,07:00,8,8,2,2,HIGH,OPEN
724,1,2,2026-09-25,MORNING,07:00,15:00,10,10,2,2,MEDIUM,OPEN
725,1,2,2026-09-25,EVENING,15:00,23:00,10,10,2,2,NORMAL,OPEN
726,1,2,2026-09-25,NIGHT,23:00,07:00,10,10,2,2,HIGH,OPEN
727,1,3,2026-09-25,MORNING,07:00,15:00,6,4,1,1,NORMAL,OPEN
728,1,3,2026-09-25,EVENING,15:00,23:00,6,6,1,1,NORMAL,OPEN
729,1,3,2026-09-25,NIGHT,23:00,07:00,6,6,1,1,NORMAL,OPEN
730,1,4,2026-09-25,MORNING,07:00,15:00,6,6,1,1,NORMAL,OPEN
731,1,4,2026-09-25,EVENING,15:00,23:00,6,6,1,1,MEDIUM,OPEN
732,1,4,2026-09-25,NIGHT,23:00,07:00,6,6,1,1,NORMAL,OPEN
733,1,5,2026-09-25,MORNING,07:00,15:00,8,7,1,1,NORMAL,OPEN
734,1,5,2026-09-25,EVENING,15:00,23:00,8,8,1,1,NORMAL,OPEN
735,1,5,2026-09-25,NIGHT,23:00,07:00,8,8,1,1,HIGH,OPEN
736,1,6,2026-09-25,MORNING,07:00,15:00,8,8,2,2,HIGH,OPEN
737,1,6,2026-09-25,EVENING,15:00,23:00,8,8,2,2,NORMAL,OPEN
738,1,6,2026-09-25,NIGHT,23:00,07:00,8,8,2,2,NORMAL,OPEN
739,1,7,2026-09-25,MORNING,07:00,15:00,5,4,1,1,NORMAL,OPEN
740,1,7,2026-09-25,EVENING,15:00,23:00,5,5,1,1,HIGH,OPEN
741,1,7,2026-09-25,NIGHT,23:00,07:00,5,5,1,1,MEDIUM,OPEN
742,1,8,2026-09-25,MORNING,07:00,15:00,5,5,1,1,NORMAL,OPEN
743,1,8,2026-09-25,EVENING,15:00,23:00,5,5,1,1,MEDIUM,OPEN
744,1,8,2026-09-25,NIGHT,23:00,07:00,5,5,1,1,NORMAL,OPEN
745,1,9,2026-09-25,MORNING,07:00,15:00,4,3,1,0,NORMAL,OPEN
746,1,9,2026-09-25,EVENING,15:00,23:00,4,4,1,1,MEDIUM,OPEN
747,1,9,2026-09-25,NIGHT,23:00,07:00,4,4,1,1,NORMAL,OPEN
748,1,10,2026-09-25,MORNING,07:00,15:00,5,5,0,0,LOW,OPEN
749,1,10,2026-09-25,EVENING,15:00,23:00,5,5,0,0,MEDIUM,OPEN
750,1,10,2026-09-25,NIGHT,23:00,07:00,5,5,0,0,MEDIUM,OPEN
751,1,1,2026-09-26,MORNING,07:00,15:00,8,8,2,2,MEDIUM,OPEN
752,1,1,2026-09-26,EVENING,15:00,23:00,8,8,2,2,MEDIUM,OPEN
753,1,1,2026-09-26,NIGHT,23:00,07:00,8,8,2,2,LOW,OPEN
754,1,2,2026-09-26,MORNING,07:00,15:00,10,10,2,2,MEDIUM,OPEN
755,1,2,2026-09-26,EVENING,15:00,23:00,10,10,2,2,MEDIUM,OPEN
756,1,2,2026-09-26,NIGHT,23:00,07:00,10,10,2,2,HIGH,OPEN
757,1,3,2026-09-26,MORNING,07:00,15:00,6,6,1,1,HIGH,OPEN
758,1,3,2026-09-26,EVENING,15:00,23:00,6,6,1,1,LOW,OPEN
759,1,3,2026-09-26,NIGHT,23:00,07:00,6,6,1,1,MEDIUM,OPEN
760,1,4,2026-09-26,MORNING,07:00,15:00,6,6,1,1,LOW,OPEN
761,1,4,2026-09-26,EVENING,15:00,23:00,6,6,1,1,NORMAL,OPEN
762,1,4,2026-09-26,NIGHT,23:00,07:00,6,6,1,1,MEDIUM,OPEN
763,1,5,2026-09-26,MORNING,07:00,15:00,8,8,1,1,LOW,OPEN
764,1,5,2026-09-26,EVENING,15:00,23:00,8,8,1,1,HIGH,OPEN
765,1,5,2026-09-26,NIGHT,23:00,07:00,8,8,1,1,LOW,OPEN
766,1,6,2026-09-26,MORNING,07:00,15:00,8,8,2,2,MEDIUM,OPEN
767,1,6,2026-09-26,EVENING,15:00,23:00,8,8,2,2,NORMAL,OPEN
768,1,6,2026-09-26,NIGHT,23:00,07:00,8,8,2,2,NORMAL,OPEN
769,1,7,2026-09-26,MORNING,07:00,15:00,5,5,1,1,MEDIUM,OPEN
770,1,7,2026-09-26,EVENING,15:00,23:00,5,5,1,1,LOW,OPEN
771,1,7,2026-09-26,NIGHT,23:00,07:00,5,5,1,1,NORMAL,OPEN
772,1,8,2026-09-26,MORNING,07:00,15:00,5,3,1,1,MEDIUM,OPEN
773,1,8,2026-09-26,EVENING,15:00,23:00,5,5,1,1,NORMAL,OPEN
774,1,8,2026-09-26,NIGHT,23:00,07:00,5,4,1,0,HIGH,OPEN
775,1,9,2026-09-26,MORNING,07:00,15:00,4,3,1,1,MEDIUM,OPEN
776,1,9,2026-09-26,EVENING,15:00,23:00,4,3,1,1,MEDIUM,OPEN
777,1,9,2026-09-26,NIGHT,23:00,07:00,4,2,1,0,LOW,OPEN
778,1,10,2026-09-26,MORNING,07:00,15:00,5,3,0,0,NORMAL,OPEN
779,1,10,2026-09-26,EVENING,15:00,23:00,5,5,0,0,HIGH,OPEN
780,1,10,2026-09-26,NIGHT,23:00,07:00,5,5,0,0,NORMAL,OPEN
781,1,1,2026-09-27,MORNING,07:00,15:00,8,7,2,1,MEDIUM,OPEN
782,1,1,2026-09-27,EVENING,15:00,23:00,8,8,2,2,HIGH,OPEN
783,1,1,2026-09-27,NIGHT,23:00,07:00,8,8,2,2,NORMAL,OPEN
784,1,2,2026-09-27,MORNING,07:00,15:00,10,10,2,2,NORMAL,OPEN
785,1,2,2026-09-27,EVENING,15:00,23:00,10,10,2,2,LOW,OPEN
786,1,2,2026-09-27,NIGHT,23:00,07:00,10,10,2,2,NORMAL,OPEN
787,1,3,2026-09-27,MORNING,07:00,15:00,6,6,1,1,MEDIUM,OPEN
788,1,3,2026-09-27,EVENING,15:00,23:00,6,5,1,1,NORMAL,OPEN
789,1,3,2026-09-27,NIGHT,23:00,07:00,6,6,1,1,LOW,OPEN
790,1,4,2026-09-27,MORNING,07:00,15:00,6,5,1,0,NORMAL,OPEN
791,1,4,2026-09-27,EVENING,15:00,23:00,6,6,1,1,HIGH,OPEN
792,1,4,2026-09-27,NIGHT,23:00,07:00,6,6,1,1,HIGH,OPEN
793,1,5,2026-09-27,MORNING,07:00,15:00,8,8,1,1,NORMAL,OPEN
794,1,5,2026-09-27,EVENING,15:00,23:00,8,8,1,1,MEDIUM,OPEN
795,1,5,2026-09-27,NIGHT,23:00,07:00,8,6,1,1,MEDIUM,OPEN
796,1,6,2026-09-27,MORNING,07:00,15:00,8,8,2,2,NORMAL,OPEN
797,1,6,2026-09-27,EVENING,15:00,23:00,8,8,2,2,NORMAL,OPEN
798,1,6,2026-09-27,NIGHT,23:00,07:00,8,8,2,2,HIGH,OPEN
799,1,7,2026-09-27,MORNING,07:00,15:00,5,4,1,1,NORMAL,OPEN
800,1,7,2026-09-27,EVENING,15:00,23:00,5,4,1,0,NORMAL,OPEN
801,1,7,2026-09-27,NIGHT,23:00,07:00,5,5,1,1,NORMAL,OPEN
802,1,8,2026-09-27,MORNING,07:00,15:00,5,4,1,1,LOW,OPEN
803,1,8,2026-09-27,EVENING,15:00,23:00,5,5,1,1,NORMAL,OPEN
804,1,8,2026-09-27,NIGHT,23:00,07:00,5,5,1,1,HIGH,OPEN
805,1,9,2026-09-27,MORNING,07:00,15:00,4,4,1,1,HIGH,OPEN
806,1,9,2026-09-27,EVENING,15:00,23:00,4,4,1,1,MEDIUM,OPEN
807,1,9,2026-09-27,NIGHT,23:00,07:00,4,4,1,1,NORMAL,OPEN
808,1,10,2026-09-27,MORNING,07:00,15:00,5,5,0,0,LOW,OPEN
809,1,10,2026-09-27,EVENING,15:00,23:00,5,5,0,0,NORMAL,OPEN
810,1,10,2026-09-27,NIGHT,23:00,07:00,5,5,0,0,MEDIUM,OPEN
811,1,1,2026-09-28,MORNING,07:00,15:00,8,8,2,2,MEDIUM,OPEN
812,1,1,2026-09-28,EVENING,15:00,23:00,8,8,2,2,LOW,OPEN
813,1,1,2026-09-28,NIGHT,23:00,07:00,8,7,2,1,NORMAL,OPEN
814,1,2,2026-09-28,MORNING,07:00,15:00,10,10,2,2,HIGH,OPEN
815,1,2,2026-09-28,EVENING,15:00,23:00,10,10,2,2,NORMAL,OPEN
816,1,2,2026-09-28,NIGHT,23:00,07:00,10,8,2,2,HIGH,OPEN
817,1,3,2026-09-28,MORNING,07:00,15:00,6,6,1,1,MEDIUM,OPEN
818,1,3,2026-09-28,EVENING,15:00,23:00,6,6,1,1,HIGH,OPEN
819,1,3,2026-09-28,NIGHT,23:00,07:00,6,6,1,1,NORMAL,OPEN
820,1,4,2026-09-28,MORNING,07:00,15:00,6,6,1,1,NORMAL,OPEN
821,1,4,2026-09-28,EVENING,15:00,23:00,6,6,1,1,HIGH,OPEN
822,1,4,2026-09-28,NIGHT,23:00,07:00,6,6,1,1,NORMAL,OPEN
823,1,5,2026-09-28,MORNING,07:00,15:00,8,8,1,1,HIGH,OPEN
824,1,5,2026-09-28,EVENING,15:00,23:00,8,8,1,1,HIGH,OPEN
825,1,5,2026-09-28,NIGHT,23:00,07:00,8,8,1,1,MEDIUM,OPEN
826,1,6,2026-09-28,MORNING,07:00,15:00,8,8,2,2,NORMAL,OPEN
827,1,6,2026-09-28,EVENING,15:00,23:00,8,8,2,2,NORMAL,OPEN
828,1,6,2026-09-28,NIGHT,23:00,07:00,8,7,2,1,NORMAL,OPEN
829,1,7,2026-09-28,MORNING,07:00,15:00,5,5,1,1,LOW,OPEN
830,1,7,2026-09-28,EVENING,15:00,23:00,5,5,1,1,NORMAL,OPEN
831,1,7,2026-09-28,NIGHT,23:00,07:00,5,5,1,1,MEDIUM,OPEN
832,1,8,2026-09-28,MORNING,07:00,15:00,5,5,1,1,NORMAL,OPEN
833,1,8,2026-09-28,EVENING,15:00,23:00,5,4,1,0,NORMAL,OPEN
834,1,8,2026-09-28,NIGHT,23:00,07:00,5,5,1,1,NORMAL,OPEN
835,1,9,2026-09-28,MORNING,07:00,15:00,4,4,1,1,NORMAL,OPEN
836,1,9,2026-09-28,EVENING,15:00,23:00,4,4,1,1,HIGH,OPEN
837,1,9,2026-09-28,NIGHT,23:00,07:00,4,3,1,0,LOW,OPEN
838,1,10,2026-09-28,MORNING,07:00,15:00,5,5,0,0,MEDIUM,OPEN
839,1,10,2026-09-28,EVENING,15:00,23:00,5,5,0,0,HIGH,OPEN
840,1,10,2026-09-28,NIGHT,23:00,07:00,5,5,0,0,NORMAL,OPEN
841,1,1,2026-09-29,MORNING,07:00,15:00,8,8,2,2,NORMAL,OPEN
842,1,1,2026-09-29,EVENING,15:00,23:00,8,8,2,2,MEDIUM,OPEN
843,1,1,2026-09-29,NIGHT,23:00,07:00,8,8,2,2,LOW,OPEN
844,1,2,2026-09-29,MORNING,07:00,15:00,10,9,2,1,MEDIUM,OPEN
845,1,2,2026-09-29,EVENING,15:00,23:00,10,10,2,2,MEDIUM,OPEN
846,1,2,2026-09-29,NIGHT,23:00,07:00,10,10,2,2,MEDIUM,OPEN
847,1,3,2026-09-29,MORNING,07:00,15:00,6,6,1,1,LOW,OPEN
848,1,3,2026-09-29,EVENING,15:00,23:00,6,6,1,1,NORMAL,OPEN
849,1,3,2026-09-29,NIGHT,23:00,07:00,6,6,1,1,NORMAL,OPEN
850,1,4,2026-09-29,MORNING,07:00,15:00,6,6,1,1,LOW,OPEN
851,1,4,2026-09-29,EVENING,15:00,23:00,6,6,1,1,NORMAL,OPEN
852,1,4,2026-09-29,NIGHT,23:00,07:00,6,5,1,0,NORMAL,OPEN
853,1,5,2026-09-29,MORNING,07:00,15:00,8,8,1,1,LOW,OPEN
854,1,5,2026-09-29,EVENING,15:00,23:00,8,8,1,1,MEDIUM,OPEN
855,1,5,2026-09-29,NIGHT,23:00,07:00,8,8,1,1,NORMAL,OPEN
856,1,6,2026-09-29,MORNING,07:00,15:00,8,8,2,2,MEDIUM,OPEN
857,1,6,2026-09-29,EVENING,15:00,23:00,8,8,2,2,LOW,OPEN
858,1,6,2026-09-29,NIGHT,23:00,07:00,8,8,2,2,NORMAL,OPEN
859,1,7,2026-09-29,MORNING,07:00,15:00,5,5,1,1,NORMAL,OPEN
860,1,7,2026-09-29,EVENING,15:00,23:00,5,5,1,1,NORMAL,OPEN
861,1,7,2026-09-29,NIGHT,23:00,07:00,5,5,1,1,MEDIUM,OPEN
862,1,8,2026-09-29,MORNING,07:00,15:00,5,5,1,1,NORMAL,OPEN
863,1,8,2026-09-29,EVENING,15:00,23:00,5,5,1,1,NORMAL,OPEN
864,1,8,2026-09-29,NIGHT,23:00,07:00,5,5,1,1,NORMAL,OPEN
865,1,9,2026-09-29,MORNING,07:00,15:00,4,4,1,1,NORMAL,OPEN
866,1,9,2026-09-29,EVENING,15:00,23:00,4,4,1,1,NORMAL,OPEN
867,1,9,2026-09-29,NIGHT,23:00,07:00,4,4,1,1,MEDIUM,OPEN
868,1,10,2026-09-29,MORNING,07:00,15:00,5,5,0,0,MEDIUM,OPEN
869,1,10,2026-09-29,EVENING,15:00,23:00,5,5,0,0,NORMAL,OPEN
870,1,10,2026-09-29,NIGHT,23:00,07:00,5,5,0,0,MEDIUM,OPEN
871,1,1,2026-09-30,MORNING,07:00,15:00,8,8,2,2,HIGH,OPEN
872,1,1,2026-09-30,EVENING,15:00,23:00,8,7,2,2,NORMAL,OPEN
873,1,1,2026-09-30,NIGHT,23:00,07:00,8,8,2,2,NORMAL,OPEN
874,1,2,2026-09-30,MORNING,07:00,15:00,10,10,2,2,MEDIUM,OPEN
875,1,2,2026-09-30,EVENING,15:00,23:00,10,9,2,2,HIGH,OPEN
876,1,2,2026-09-30,NIGHT,23:00,07:00,10,10,2,2,HIGH,OPEN
877,1,3,2026-09-30,MORNING,07:00,15:00,6,6,1,1,NORMAL,OPEN
878,1,3,2026-09-30,EVENING,15:00,23:00,6,4,1,0,LOW,OPEN
879,1,3,2026-09-30,NIGHT,23:00,07:00,6,6,1,1,LOW,OPEN
880,1,4,2026-09-30,MORNING,07:00,15:00,6,6,1,1,NORMAL,OPEN
881,1,4,2026-09-30,EVENING,15:00,23:00,6,6,1,1,NORMAL,OPEN
882,1,4,2026-09-30,NIGHT,23:00,07:00,6,6,1,1,NORMAL,OPEN
883,1,5,2026-09-30,MORNING,07:00,15:00,8,8,1,1,HIGH,OPEN
884,1,5,2026-09-30,EVENING,15:00,23:00,8,8,1,1,MEDIUM,OPEN
885,1,5,2026-09-30,NIGHT,23:00,07:00,8,7,1,1,NORMAL,OPEN
886,1,6,2026-09-30,MORNING,07:00,15:00,8,8,2,2,LOW,OPEN
887,1,6,2026-09-30,EVENING,15:00,23:00,8,8,2,2,HIGH,OPEN
888,1,6,2026-09-30,NIGHT,23:00,07:00,8,8,2,2,NORMAL,OPEN
889,1,7,2026-09-30,MORNING,07:00,15:00,5,5,1,1,HIGH,OPEN
890,1,7,2026-09-30,EVENING,15:00,23:00,5,5,1,1,NORMAL,OPEN
891,1,7,2026-09-30,NIGHT,23:00,07:00,5,5,1,1,NORMAL,OPEN
892,1,8,2026-09-30,MORNING,07:00,15:00,5,3,1,0,NORMAL,OPEN
893,1,8,2026-09-30,EVENING,15:00,23:00,5,5,1,1,HIGH,OPEN
894,1,8,2026-09-30,NIGHT,23:00,07:00,5,3,1,1,NORMAL,OPEN
895,1,9,2026-09-30,MORNING,07:00,15:00,4,4,1,1,LOW,OPEN
896,1,9,2026-09-30,EVENING,15:00,23:00,4,4,1,1,LOW,OPEN
897,1,9,2026-09-30,NIGHT,23:00,07:00,4,4,1,1,NORMAL,OPEN
898,1,10,2026-09-30,MORNING,07:00,15:00,5,5,0,0,HIGH,OPEN
899,1,10,2026-09-30,EVENING,15:00,23:00,5,5,0,0,MEDIUM,OPEN
900,1,10,2026-09-30,NIGHT,23:00,07:00,5,5,0,0,NORMAL,OPEN
