staff_skill_id,staff_id,skill_id,verification_status
1,1,1,VERIFIED
2,1,3,VERIFIED
3,1,14,VERIFIED
4,1,15,VERIFIED
5,2,2,VERIFIED
6,2,3,VERIFIED
7,2,11,VERIFIED
8,2,12,VERIFIED
9,2,14,VERIFIED
10,3,4,VERIFIED
11,3,11,VERIFIED
12,3,14,VERIFIED
13,4,5,VERIFIED
14,4,11,VERIFIED
15,4,14,VERIFIED
16,5,11,VERIFIED
17,5,14,VERIFIED
18,6,6,VERIFIED
19,6,11,VERIFIED
20,6,12,VERIFIED
21,7,8,VERIFIED
22,7,13,VERIFIED
23,8,7,VERIFIED
24,8,14,VERIFIED
25,9,9,VERIFIED
26,9,10,VERIFIED
27,9,13,VERIFIED
28,10,1,VERIFIED
29,10,3,VERIFIED
30,10,14,VERIFIED
31,10,15,VERIFIED
32,11,2,VERIFIED
33,11,3,VERIFIED
34,11,10,VERIFIED
35,11,11,VERIFIED
36,11,12,VERIFIED
37,11,14,VERIFIED
38,12,4,VERIFIED
39,12,11,VERIFIED
40,12,14,VERIFIED
41,13,5,VERIFIED
42,13,10,VERIFIED
43,13,11,VERIFIED
44,13,14,VERIFIED
45,14,11,VERIFIED
46,14,14,VERIFIED
47,15,6,VERIFIED
48,15,11,VERIFIED
49,15,12,VERIFIED
50,16,8,VERIFIED
51,16,10,VERIFIED
52,16,13,VERIFIED
53,17,7,VERIFIED
54,17,10,VERIFIED
55,17,14,VERIFIED
56,18,9,VERIFIED
57,18,13,VERIFIED
58,19,1,VERIFIED
59,19,3,VERIFIED
60,19,14,VERIFIED
61,19,15,VERIFIED
62,20,2,VERIFIED
63,20,3,VERIFIED
64,20,11,VERIFIED
65,20,12,VERIFIED
66,20,14,VERIFIED
67,21,4,VERIFIED
68,21,10,VERIFIED
69,21,11,VERIFIED
70,21,14,VERIFIED
71,22,5,VERIFIED
72,22,11,VERIFIED
73,22,14,VERIFIED
74,23,11,VERIFIED
75,23,14,VERIFIED
76,24,6,VERIFIED
77,24,11,VERIFIED
78,24,12,VERIFIED
79,25,8,VERIFIED
80,25,13,VERIFIED
81,26,7,VERIFIED
82,26,10,VERIFIED
83,26,14,VERIFIED
84,27,9,VERIFIED
85,27,13,VERIFIED
86,28,1,VERIFIED
87,28,3,VERIFIED
88,28,14,VERIFIED
89,28,15,VERIFIED
90,29,2,VERIFIED
91,29,3,VERIFIED
92,29,10,VERIFIED
93,29,11,VERIFIED
94,29,12,VERIFIED
95,29,14,VERIFIED
96,30,4,VERIFIED
97,30,11,VERIFIED
98,30,14,VERIFIED
99,31,5,VERIFIED
100,31,11,VERIFIED
101,31,14,VERIFIED
102,32,10,VERIFIED
103,32,11,VERIFIED
104,32,14,VERIFIED
105,33,6,VERIFIED
106,33,11,VERIFIED
107,33,12,VERIFIED
108,34,8,VERIFIED
109,34,13,VERIFIED
110,35,7,VERIFIED
111,35,10,VERIFIED
112,35,14,VERIFIED
113,36,9,VERIFIED
114,36,13,VERIFIED
115,37,1,VERIFIED
116,37,3,VERIFIED
117,37,14,VERIFIED
118,37,15,VERIFIED
119,38,2,VERIFIED
120,38,3,VERIFIED
121,38,11,VERIFIED
122,38,12,VERIFIED
123,38,14,VERIFIED
124,39,4,VERIFIED
125,39,11,VERIFIED
126,39,14,VERIFIED
127,40,5,VERIFIED
128,40,11,VERIFIED
129,40,14,VERIFIED
130,41,11,VERIFIED
131,41,14,VERIFIED
132,42,6,VERIFIED
133,42,11,VERIFIED
134,42,12,VERIFIED
135,43,8,VERIFIED
136,43,13,VERIFIED
137,44,7,VERIFIED
138,44,14,VERIFIED
139,45,9,VERIFIED
140,45,10,VERIFIED
141,45,13,VERIFIED
142,46,1,VERIFIED
143,46,3,VERIFIED
144,46,14,VERIFIED
145,46,15,VERIFIED
146,47,2,VERIFIED
147,47,3,VERIFIED
148,47,10,VERIFIED
149,47,11,VERIFIED
150,47,12,VERIFIED
151,47,14,VERIFIED
152,48,4,VERIFIED
153,48,11,VERIFIED
154,48,14,VERIFIED
155,49,5,VERIFIED
156,49,11,VERIFIED
157,49,14,VERIFIED
158,50,11,VERIFIED
159,50,14,VERIFIED
160,51,6,VERIFIED
161,51,11,VERIFIED
162,51,12,VERIFIED
163,52,8,VERIFIED
164,52,13,VERIFIED
165,53,7,VERIFIED
166,53,14,VERIFIED
167,54,9,VERIFIED
168,54,13,VERIFIED
169,55,1,VERIFIED
170,55,3,VERIFIED
171,55,14,VERIFIED
172,55,15,VERIFIED
173,56,2,VERIFIED
174,56,3,VERIFIED
175,56,11,VERIFIED
176,56,12,VERIFIED
177,56,14,VERIFIED
178,57,4,VERIFIED
179,57,10,VERIFIED
180,57,11,VERIFIED
181,57,14,VERIFIED
182,58,5,VERIFIED
183,58,11,VERIFIED
184,58,14,VERIFIED
185,59,10,VERIFIED
186,59,11,VERIFIED
187,59,14,VERIFIED
188,60,6,VERIFIED
189,60,11,VERIFIED
190,60,12,VERIFIED
191,61,8,VERIFIED
192,61,13,VERIFIED
193,62,7,VERIFIED
194,62,10,VERIFIED
195,62,14,VERIFIED
196,63,9,VERIFIED
197,63,13,VERIFIED
198,64,1,VERIFIED
199,64,3,VERIFIED
200,64,14,VERIFIED
201,64,15,VERIFIED
202,65,2,VERIFIED
203,65,3,VERIFIED
204,65,10,VERIFIED
205,65,11,VERIFIED
206,65,12,VERIFIED
207,65,14,VERIFIED
208,66,4,VERIFIED
209,66,11,VERIFIED
210,66,14,VERIFIED
211,67,5,VERIFIED
212,67,10,VERIFIED
213,67,11,VERIFIED
214,67,14,VERIFIED
215,68,10,VERIFIED
216,68,11,VERIFIED
217,68,14,VERIFIED
218,69,6,VERIFIED
219,69,11,VERIFIED
220,69,12,VERIFIED
221,70,8,VERIFIED
222,70,13,VERIFIED
223,71,7,VERIFIED
224,71,10,VERIFIED
225,71,14,VERIFIED
226,72,9,VERIFIED
227,72,13,VERIFIED
228,73,1,VERIFIED
229,73,3,VERIFIED
230,73,14,VERIFIED
231,73,15,VERIFIED
232,74,2,VERIFIED
233,74,3,VERIFIED
234,74,11,VERIFIED
235,74,12,VERIFIED
236,74,14,VERIFIED
237,75,4,VERIFIED
238,75,11,VERIFIED
239,75,14,VERIFIED
240,76,5,VERIFIED
241,76,11,VERIFIED
242,76,14,VERIFIED
243,77,10,VERIFIED
244,77,11,VERIFIED
245,77,14,VERIFIED
246,78,6,VERIFIED
247,78,10,VERIFIED
248,78,11,VERIFIED
249,78,12,VERIFIED
250,79,8,VERIFIED
251,79,10,VERIFIED
252,79,13,VERIFIED
253,80,7,VERIFIED
254,80,10,VERIFIED
255,80,14,VERIFIED
256,81,9,VERIFIED
257,81,13,VERIFIED
258,82,1,VERIFIED
259,82,3,VERIFIED
260,82,14,VERIFIED
261,82,15,VERIFIED
262,83,2,VERIFIED
263,83,3,VERIFIED
264,83,10,VERIFIED
265,83,11,VERIFIED
266,83,12,VERIFIED
267,83,14,VERIFIED
268,84,4,VERIFIED
269,84,11,VERIFIED
270,84,14,VERIFIED
271,85,5,VERIFIED
272,85,11,VERIFIED
273,85,14,VERIFIED
274,86,11,VERIFIED
275,86,14,VERIFIED
276,87,6,VERIFIED
277,87,11,VERIFIED
278,87,12,VERIFIED
279,88,8,VERIFIED
280,88,10,VERIFIED
281,88,13,VERIFIED
282,89,7,VERIFIED
283,89,14,VERIFIED
284,90,9,VERIFIED
285,90,10,VERIFIED
286,90,13,VERIFIED
287,91,13,VERIFIED
288,92,13,VERIFIED
289,93,13,VERIFIED
290,94,13,VERIFIED
291,95,13,VERIFIED
292,96,13,VERIFIED
293,97,13,VERIFIED
294,98,13,VERIFIED
295,99,13,VERIFIED
296,100,13,VERIFIED
