workload_id,staff_id,workload_date,hours_worked,workload_score,workload_level
1,1,2026-09-01,8,55,MEDIUM
2,1,2026-09-02,10,70,HIGH
3,1,2026-09-03,4,20,LOW
4,1,2026-09-04,4,32,LOW
5,1,2026-09-05,4,20,LOW
6,1,2026-09-06,4,18,LOW
7,1,2026-09-07,10,55,MEDIUM
8,1,2026-09-08,10,64,HIGH
9,1,2026-09-09,8,59,MEDIUM
10,1,2026-09-10,0,0,LOW
11,1,2026-09-11,4,24,LOW
12,1,2026-09-12,4,25,LOW
13,1,2026-09-13,8,54,MEDIUM
14,1,2026-09-14,10,70,HIGH
15,1,2026-09-15,8,56,MEDIUM
16,1,2026-09-16,8,48,MEDIUM
17,1,2026-09-17,12,68,HIGH
18,1,2026-09-18,8,53,MEDIUM
19,1,2026-09-19,8,44,MEDIUM
20,1,2026-09-20,8,41,MEDIUM
21,1,2026-09-21,10,64,HIGH
22,1,2026-09-22,10,53,MEDIUM
23,1,2026-09-23,12,70,HIGH
24,1,2026-09-24,4,16,LOW
25,1,2026-09-25,4,36,MEDIUM
26,1,2026-09-26,0,0,LOW
27,1,2026-09-27,4,28,LOW
28,1,2026-09-28,8,40,MEDIUM
29,1,2026-09-29,8,55,MEDIUM
30,1,2026-09-30,8,51,MEDIUM
31,2,2026-09-01,4,36,MEDIUM
32,2,2026-09-02,12,82,CRITICAL
33,2,2026-09-03,8,54,MEDIUM
34,2,2026-09-04,4,30,LOW
35,2,2026-09-05,8,48,MEDIUM
36,2,2026-09-06,8,54,MEDIUM
37,2,2026-09-07,0,0,LOW
38,2,2026-09-08,10,68,HIGH
39,2,2026-09-09,8,50,MEDIUM
40,2,2026-09-10,4,24,LOW
41,2,2026-09-11,8,55,MEDIUM
42,2,2026-09-12,12,81,CRITICAL
43,2,2026-09-13,8,43,MEDIUM
44,2,2026-09-14,10,62,HIGH
45,2,2026-09-15,12,80,CRITICAL
46,2,2026-09-16,8,42,MEDIUM
47,2,2026-09-17,12,75,HIGH
48,2,2026-09-18,8,60,HIGH
49,2,2026-09-19,0,9,LOW
50,2,2026-09-20,4,19,LOW
51,2,2026-09-21,4,30,LOW
52,2,2026-09-22,12,67,HIGH
53,2,2026-09-23,0,9,LOW
54,2,2026-09-24,10,61,HIGH
55,2,2026-09-25,4,27,LOW
56,2,2026-09-26,8,54,MEDIUM
57,2,2026-09-27,8,57,MEDIUM
58,2,2026-09-28,0,8,LOW
59,2,2026-09-29,4,28,LOW
60,2,2026-09-30,12,80,CRITICAL
61,3,2026-09-01,4,20,LOW
62,3,2026-09-02,12,71,HIGH
63,3,2026-09-03,12,64,HIGH
64,3,2026-09-04,4,27,LOW
65,3,2026-09-05,8,59,MEDIUM
66,3,2026-09-06,12,68,HIGH
67,3,2026-09-07,8,56,MEDIUM
68,3,2026-09-08,8,41,MEDIUM
69,3,2026-09-09,12,81,CRITICAL
70,3,2026-09-10,8,57,MEDIUM
71,3,2026-09-11,4,32,LOW
72,3,2026-09-12,4,27,LOW
73,3,2026-09-13,4,19,LOW
74,3,2026-09-14,10,57,MEDIUM
75,3,2026-09-15,10,72,HIGH
76,3,2026-09-16,12,83,CRITICAL
77,3,2026-09-17,4,20,LOW
78,3,2026-09-18,8,59,MEDIUM
79,3,2026-09-19,8,46,MEDIUM
80,3,2026-09-20,8,41,MEDIUM
81,3,2026-09-21,8,49,MEDIUM
82,3,2026-09-22,8,56,MEDIUM
83,3,2026-09-23,8,55,MEDIUM
84,3,2026-09-24,8,50,MEDIUM
85,3,2026-09-25,4,25,LOW
86,3,2026-09-26,0,0,LOW
87,3,2026-09-27,8,57,MEDIUM
88,3,2026-09-28,10,61,HIGH
89,3,2026-09-29,4,35,MEDIUM
90,3,2026-09-30,8,42,MEDIUM
91,4,2026-09-01,0,5,LOW
92,4,2026-09-02,4,20,LOW
93,4,2026-09-03,8,45,MEDIUM
94,4,2026-09-04,12,71,HIGH
95,4,2026-09-05,8,45,MEDIUM
96,4,2026-09-06,10,65,HIGH
97,4,2026-09-07,8,58,MEDIUM
98,4,2026-09-08,4,23,LOW
99,4,2026-09-09,12,75,HIGH
100,4,2026-09-10,0,0,LOW
101,4,2026-09-11,8,44,MEDIUM
102,4,2026-09-12,8,43,MEDIUM
103,4,2026-09-13,10,70,HIGH
104,4,2026-09-14,10,56,MEDIUM
105,4,2026-09-15,4,30,LOW
106,4,2026-09-16,4,24,LOW
107,4,2026-09-17,12,74,HIGH
108,4,2026-09-18,0,12,LOW
109,4,2026-09-19,0,8,LOW
110,4,2026-09-20,8,56,MEDIUM
111,4,2026-09-21,0,12,LOW
112,4,2026-09-22,8,55,MEDIUM
113,4,2026-09-23,4,30,LOW
114,4,2026-09-24,8,43,MEDIUM
115,4,2026-09-25,8,59,MEDIUM
116,4,2026-09-26,8,44,MEDIUM
117,4,2026-09-27,0,2,LOW
118,4,2026-09-28,8,41,MEDIUM
119,4,2026-09-29,8,48,MEDIUM
120,4,2026-09-30,0,12,LOW
121,5,2026-09-01,8,53,MEDIUM
122,5,2026-09-02,8,45,MEDIUM
123,5,2026-09-03,10,67,HIGH
124,5,2026-09-04,12,73,HIGH
125,5,2026-09-05,4,32,LOW
126,5,2026-09-06,0,0,LOW
127,5,2026-09-07,10,71,HIGH
128,5,2026-09-08,8,51,MEDIUM
129,5,2026-09-09,4,31,LOW
130,5,2026-09-10,12,77,HIGH
131,5,2026-09-11,8,41,MEDIUM
132,5,2026-09-12,10,55,MEDIUM
133,5,2026-09-13,12,72,HIGH
134,5,2026-09-14,12,72,HIGH
135,5,2026-09-15,8,60,HIGH
136,5,2026-09-16,8,50,MEDIUM
137,5,2026-09-17,8,48,MEDIUM
138,5,2026-09-18,8,42,MEDIUM
139,5,2026-09-19,0,0,LOW
140,5,2026-09-20,10,67,HIGH
141,5,2026-09-21,4,34,LOW
142,5,2026-09-22,8,47,MEDIUM
143,5,2026-09-23,8,53,MEDIUM
144,5,2026-09-24,10,60,HIGH
145,5,2026-09-25,0,7,LOW
146,5,2026-09-26,8,59,MEDIUM
147,5,2026-09-27,12,82,CRITICAL
148,5,2026-09-28,8,59,MEDIUM
149,5,2026-09-29,8,52,MEDIUM
150,5,2026-09-30,0,11,LOW
151,6,2026-09-01,0,10,LOW
152,6,2026-09-02,12,84,CRITICAL
153,6,2026-09-03,0,10,LOW
154,6,2026-09-04,0,0,LOW
155,6,2026-09-05,12,71,HIGH
156,6,2026-09-06,8,58,MEDIUM
157,6,2026-09-07,10,71,HIGH
158,6,2026-09-08,8,52,MEDIUM
159,6,2026-09-09,10,53,MEDIUM
160,6,2026-09-10,8,60,HIGH
161,6,2026-09-11,12,78,HIGH
162,6,2026-09-12,12,78,HIGH
163,6,2026-09-13,8,56,MEDIUM
164,6,2026-09-14,0,4,LOW
165,6,2026-09-15,12,84,CRITICAL
166,6,2026-09-16,10,65,HIGH
167,6,2026-09-17,10,52,MEDIUM
168,6,2026-09-18,4,34,LOW
169,6,2026-09-19,4,16,LOW
170,6,2026-09-20,10,62,HIGH
171,6,2026-09-21,0,1,LOW
172,6,2026-09-22,8,40,MEDIUM
173,6,2026-09-23,10,66,HIGH
174,6,2026-09-24,12,72,HIGH
175,6,2026-09-25,8,51,MEDIUM
176,6,2026-09-26,8,47,MEDIUM
177,6,2026-09-27,8,54,MEDIUM
178,6,2026-09-28,12,65,HIGH
179,6,2026-09-29,8,54,MEDIUM
180,6,2026-09-30,10,72,HIGH
181,7,2026-09-01,8,45,MEDIUM
182,7,2026-09-02,4,33,LOW
183,7,2026-09-03,12,81,CRITICAL
184,7,2026-09-04,10,62,HIGH
185,7,2026-09-05,10,64,HIGH
186,7,2026-09-06,12,75,HIGH
187,7,2026-09-07,12,69,HIGH
188,7,2026-09-08,12,79,HIGH
189,7,2026-09-09,12,66,HIGH
190,7,2026-09-10,8,51,MEDIUM
191,7,2026-09-11,8,57,MEDIUM
192,7,2026-09-12,10,59,MEDIUM
193,7,2026-09-13,8,49,MEDIUM
194,7,2026-09-14,0,0,LOW
195,7,2026-09-15,10,64,HIGH
196,7,2026-09-16,8,59,MEDIUM
197,7,2026-09-17,8,60,HIGH
198,7,2026-09-18,4,28,LOW
199,7,2026-09-19,4,24,LOW
200,7,2026-09-20,12,79,HIGH
201,7,2026-09-21,8,50,MEDIUM
202,7,2026-09-22,12,78,HIGH
203,7,2026-09-23,8,45,MEDIUM
204,7,2026-09-24,4,26,LOW
205,7,2026-09-25,0,0,LOW
206,7,2026-09-26,4,34,LOW
207,7,2026-09-27,8,56,MEDIUM
208,7,2026-09-28,10,72,HIGH
209,7,2026-09-29,8,49,MEDIUM
210,7,2026-09-30,12,81,CRITICAL
211,8,2026-09-01,8,45,MEDIUM
212,8,2026-09-02,8,59,MEDIUM
213,8,2026-09-03,10,54,MEDIUM
214,8,2026-09-04,4,18,LOW
215,8,2026-09-05,0,11,LOW
216,8,2026-09-06,10,64,HIGH
217,8,2026-09-07,12,72,HIGH
218,8,2026-09-08,4,26,LOW
219,8,2026-09-09,8,51,MEDIUM
220,8,2026-09-10,8,44,MEDIUM
221,8,2026-09-11,8,43,MEDIUM
222,8,2026-09-12,12,73,HIGH
223,8,2026-09-13,8,58,MEDIUM
224,8,2026-09-14,0,2,LOW
225,8,2026-09-15,4,30,LOW
226,8,2026-09-16,12,65,HIGH
227,8,2026-09-17,4,33,LOW
228,8,2026-09-18,4,24,LOW
229,8,2026-09-19,0,7,LOW
230,8,2026-09-20,4,23,LOW
231,8,2026-09-21,4,23,LOW
232,8,2026-09-22,8,60,HIGH
233,8,2026-09-23,12,70,HIGH
234,8,2026-09-24,4,16,LOW
235,8,2026-09-25,8,47,MEDIUM
236,8,2026-09-26,0,11,LOW
237,8,2026-09-27,8,54,MEDIUM
238,8,2026-09-28,8,57,MEDIUM
239,8,2026-09-29,8,58,MEDIUM
240,8,2026-09-30,4,29,LOW
241,9,2026-09-01,4,32,LOW
242,9,2026-09-02,8,52,MEDIUM
243,9,2026-09-03,10,70,HIGH
244,9,2026-09-04,8,48,MEDIUM
245,9,2026-09-05,10,63,HIGH
246,9,2026-09-06,12,72,HIGH
247,9,2026-09-07,8,51,MEDIUM
248,9,2026-09-08,8,47,MEDIUM
249,9,2026-09-09,8,57,MEDIUM
250,9,2026-09-10,8,42,MEDIUM
251,9,2026-09-11,10,56,MEDIUM
252,9,2026-09-12,8,47,MEDIUM
253,9,2026-09-13,12,81,CRITICAL
254,9,2026-09-14,8,44,MEDIUM
255,9,2026-09-15,0,8,LOW
256,9,2026-09-16,10,67,HIGH
257,9,2026-09-17,8,50,MEDIUM
258,9,2026-09-18,0,11,LOW
259,9,2026-09-19,4,27,LOW
260,9,2026-09-20,10,72,HIGH
261,9,2026-09-21,8,47,MEDIUM
262,9,2026-09-22,8,48,MEDIUM
263,9,2026-09-23,8,41,MEDIUM
264,9,2026-09-24,8,59,MEDIUM
265,9,2026-09-25,8,55,MEDIUM
266,9,2026-09-26,8,53,MEDIUM
267,9,2026-09-27,0,0,LOW
268,9,2026-09-28,0,9,LOW
269,9,2026-09-29,8,57,MEDIUM
270,9,2026-09-30,10,53,MEDIUM
271,10,2026-09-01,8,55,MEDIUM
272,10,2026-09-02,12,68,HIGH
273,10,2026-09-03,0,3,LOW
274,10,2026-09-04,0,0,LOW
275,10,2026-09-05,8,48,MEDIUM
276,10,2026-09-06,10,52,MEDIUM
277,10,2026-09-07,10,71,HIGH
278,10,2026-09-08,8,53,MEDIUM
279,10,2026-09-09,10,56,MEDIUM
280,10,2026-09-10,8,46,MEDIUM
281,10,2026-09-11,10,66,HIGH
282,10,2026-09-12,8,57,MEDIUM
283,10,2026-09-13,10,61,HIGH
284,10,2026-09-14,8,47,MEDIUM
285,10,2026-09-15,8,56,MEDIUM
286,10,2026-09-16,8,44,MEDIUM
287,10,2026-09-17,12,81,CRITICAL
288,10,2026-09-18,10,70,HIGH
289,10,2026-09-19,8,40,MEDIUM
290,10,2026-09-20,8,41,MEDIUM
291,10,2026-09-21,10,63,HIGH
292,10,2026-09-22,8,43,MEDIUM
293,10,2026-09-23,12,66,HIGH
294,10,2026-09-24,8,42,MEDIUM
295,10,2026-09-25,8,53,MEDIUM
296,10,2026-09-26,10,57,MEDIUM
297,10,2026-09-27,10,58,MEDIUM
298,10,2026-09-28,4,35,MEDIUM
299,10,2026-09-29,12,69,HIGH
300,10,2026-09-30,12,69,HIGH
301,11,2026-09-01,0,12,LOW
302,11,2026-09-02,8,43,MEDIUM
303,11,2026-09-03,8,42,MEDIUM
304,11,2026-09-04,0,4,LOW
305,11,2026-09-05,8,52,MEDIUM
306,11,2026-09-06,12,77,HIGH
307,11,2026-09-07,8,55,MEDIUM
308,11,2026-09-08,4,26,LOW
309,11,2026-09-09,4,19,LOW
310,11,2026-09-10,8,51,MEDIUM
311,11,2026-09-11,4,29,LOW
312,11,2026-09-12,8,55,MEDIUM
313,11,2026-09-13,0,0,LOW
314,11,2026-09-14,8,52,MEDIUM
315,11,2026-09-15,4,23,LOW
316,11,2026-09-16,8,60,HIGH
317,11,2026-09-17,10,54,MEDIUM
318,11,2026-09-18,8,54,MEDIUM
319,11,2026-09-19,12,67,HIGH
320,11,2026-09-20,8,48,MEDIUM
321,11,2026-09-21,0,11,LOW
322,11,2026-09-22,0,9,LOW
323,11,2026-09-23,0,3,LOW
324,11,2026-09-24,0,0,LOW
325,11,2026-09-25,0,8,LOW
326,11,2026-09-26,0,0,LOW
327,11,2026-09-27,8,52,MEDIUM
328,11,2026-09-28,8,40,MEDIUM
329,11,2026-09-29,12,82,CRITICAL
330,11,2026-09-30,8,51,MEDIUM
331,12,2026-09-01,12,66,HIGH
332,12,2026-09-02,4,22,LOW
333,12,2026-09-03,10,71,HIGH
334,12,2026-09-04,8,45,MEDIUM
335,12,2026-09-05,8,46,MEDIUM
336,12,2026-09-06,8,43,MEDIUM
337,12,2026-09-07,12,68,HIGH
338,12,2026-09-08,8,51,MEDIUM
339,12,2026-09-09,8,45,MEDIUM
340,12,2026-09-10,8,45,MEDIUM
341,12,2026-09-11,8,44,MEDIUM
342,12,2026-09-12,12,78,HIGH
343,12,2026-09-13,0,11,LOW
344,12,2026-09-14,0,9,LOW
345,12,2026-09-15,12,67,HIGH
346,12,2026-09-16,12,73,HIGH
347,12,2026-09-17,8,43,MEDIUM
348,12,2026-09-18,8,45,MEDIUM
349,12,2026-09-19,8,56,MEDIUM
350,12,2026-09-20,4,19,LOW
351,12,2026-09-21,8,46,MEDIUM
352,12,2026-09-22,8,44,MEDIUM
353,12,2026-09-23,8,50,MEDIUM
354,12,2026-09-24,8,57,MEDIUM
355,12,2026-09-25,12,76,HIGH
356,12,2026-09-26,12,78,HIGH
357,12,2026-09-27,0,9,LOW
358,12,2026-09-28,0,2,LOW
359,12,2026-09-29,4,27,LOW
360,12,2026-09-30,4,23,LOW
361,13,2026-09-01,12,79,HIGH
362,13,2026-09-02,4,28,LOW
363,13,2026-09-03,0,3,LOW
364,13,2026-09-04,0,7,LOW
365,13,2026-09-05,12,82,CRITICAL
366,13,2026-09-06,0,8,LOW
367,13,2026-09-07,0,12,LOW
368,13,2026-09-08,8,56,MEDIUM
369,13,2026-09-09,8,58,MEDIUM
370,13,2026-09-10,10,69,HIGH
371,13,2026-09-11,8,52,MEDIUM
372,13,2026-09-12,12,81,CRITICAL
373,13,2026-09-13,10,58,MEDIUM
374,13,2026-09-14,8,50,MEDIUM
375,13,2026-09-15,4,30,LOW
376,13,2026-09-16,12,70,HIGH
377,13,2026-09-17,8,60,HIGH
378,13,2026-09-18,8,52,MEDIUM
379,13,2026-09-19,8,52,MEDIUM
380,13,2026-09-20,0,7,LOW
381,13,2026-09-21,0,7,LOW
382,13,2026-09-22,0,2,LOW
383,13,2026-09-23,8,55,MEDIUM
384,13,2026-09-24,8,52,MEDIUM
385,13,2026-09-25,8,55,MEDIUM
386,13,2026-09-26,12,73,HIGH
387,13,2026-09-27,12,65,HIGH
388,13,2026-09-28,8,41,MEDIUM
389,13,2026-09-29,4,18,LOW
390,13,2026-09-30,8,58,MEDIUM
391,14,2026-09-01,10,70,HIGH
392,14,2026-09-02,8,45,MEDIUM
393,14,2026-09-03,10,62,HIGH
394,14,2026-09-04,10,53,MEDIUM
395,14,2026-09-05,8,40,MEDIUM
396,14,2026-09-06,0,1,LOW
397,14,2026-09-07,8,46,MEDIUM
398,14,2026-09-08,8,57,MEDIUM
399,14,2026-09-09,0,5,LOW
400,14,2026-09-10,10,68,HIGH
401,14,2026-09-11,8,45,MEDIUM
402,14,2026-09-12,8,51,MEDIUM
403,14,2026-09-13,10,53,MEDIUM
404,14,2026-09-14,4,19,LOW
405,14,2026-09-15,8,45,MEDIUM
406,14,2026-09-16,4,26,LOW
407,14,2026-09-17,0,0,LOW
408,14,2026-09-18,8,46,MEDIUM
409,14,2026-09-19,8,60,HIGH
410,14,2026-09-20,8,40,MEDIUM
411,14,2026-09-21,0,4,LOW
412,14,2026-09-22,4,19,LOW
413,14,2026-09-23,8,40,MEDIUM
414,14,2026-09-24,4,26,LOW
415,14,2026-09-25,4,28,LOW
416,14,2026-09-26,12,71,HIGH
417,14,2026-09-27,8,52,MEDIUM
418,14,2026-09-28,0,0,LOW
419,14,2026-09-29,4,35,MEDIUM
420,14,2026-09-30,4,35,MEDIUM
421,15,2026-09-01,10,60,HIGH
422,15,2026-09-02,8,58,MEDIUM
423,15,2026-09-03,10,72,HIGH
424,15,2026-09-04,8,46,MEDIUM
425,15,2026-09-05,10,60,HIGH
426,15,2026-09-06,8,40,MEDIUM
427,15,2026-09-07,8,53,MEDIUM
428,15,2026-09-08,8,48,MEDIUM
429,15,2026-09-09,12,70,HIGH
430,15,2026-09-10,12,79,HIGH
431,15,2026-09-11,8,59,MEDIUM
432,15,2026-09-12,0,12,LOW
433,15,2026-09-13,10,64,HIGH
434,15,2026-09-14,0,6,LOW
435,15,2026-09-15,4,23,LOW
436,15,2026-09-16,0,12,LOW
437,15,2026-09-17,0,0,LOW
438,15,2026-09-18,4,31,LOW
439,15,2026-09-19,0,0,LOW
440,15,2026-09-20,8,50,MEDIUM
441,15,2026-09-21,4,24,LOW
442,15,2026-09-22,10,64,HIGH
443,15,2026-09-23,8,57,MEDIUM
444,15,2026-09-24,8,49,MEDIUM
445,15,2026-09-25,12,82,CRITICAL
446,15,2026-09-26,8,43,MEDIUM
447,15,2026-09-27,12,67,HIGH
448,15,2026-09-28,8,46,MEDIUM
449,15,2026-09-29,0,9,LOW
450,15,2026-09-30,12,79,HIGH
451,16,2026-09-01,4,20,LOW
452,16,2026-09-02,8,41,MEDIUM
453,16,2026-09-03,8,55,MEDIUM
454,16,2026-09-04,0,0,LOW
455,16,2026-09-05,4,17,LOW
456,16,2026-09-06,12,76,HIGH
457,16,2026-09-07,4,18,LOW
458,16,2026-09-08,12,66,HIGH
459,16,2026-09-09,4,29,LOW
460,16,2026-09-10,8,51,MEDIUM
461,16,2026-09-11,8,44,MEDIUM
462,16,2026-09-12,8,59,MEDIUM
463,16,2026-09-13,12,65,HIGH
464,16,2026-09-14,10,68,HIGH
465,16,2026-09-15,12,70,HIGH
466,16,2026-09-16,12,70,HIGH
467,16,2026-09-17,10,62,HIGH
468,16,2026-09-18,0,10,LOW
469,16,2026-09-19,0,0,LOW
470,16,2026-09-20,8,48,MEDIUM
471,16,2026-09-21,4,27,LOW
472,16,2026-09-22,8,46,MEDIUM
473,16,2026-09-23,10,53,MEDIUM
474,16,2026-09-24,8,52,MEDIUM
475,16,2026-09-25,4,25,LOW
476,16,2026-09-26,8,42,MEDIUM
477,16,2026-09-27,4,21,LOW
478,16,2026-09-28,10,58,MEDIUM
479,16,2026-09-29,8,54,MEDIUM
480,16,2026-09-30,0,6,LOW
481,17,2026-09-01,0,0,LOW
482,17,2026-09-02,8,56,MEDIUM
483,17,2026-09-03,8,57,MEDIUM
484,17,2026-09-04,4,20,LOW
485,17,2026-09-05,8,50,MEDIUM
486,17,2026-09-06,0,0,LOW
487,17,2026-09-07,10,54,MEDIUM
488,17,2026-09-08,8,56,MEDIUM
489,17,2026-09-09,8,40,MEDIUM
490,17,2026-09-10,8,45,MEDIUM
491,17,2026-09-11,10,62,HIGH
492,17,2026-09-12,8,41,MEDIUM
493,17,2026-09-13,4,19,LOW
494,17,2026-09-14,10,59,MEDIUM
495,17,2026-09-15,0,4,LOW
496,17,2026-09-16,0,10,LOW
497,17,2026-09-17,0,4,LOW
498,17,2026-09-18,12,82,CRITICAL
499,17,2026-09-19,0,0,LOW
500,17,2026-09-20,12,84,CRITICAL
501,17,2026-09-21,0,10,LOW
502,17,2026-09-22,8,42,MEDIUM
503,17,2026-09-23,0,12,LOW
504,17,2026-09-24,12,79,HIGH
505,17,2026-09-25,8,60,HIGH
506,17,2026-09-26,8,49,MEDIUM
507,17,2026-09-27,10,71,HIGH
508,17,2026-09-28,8,54,MEDIUM
509,17,2026-09-29,10,59,MEDIUM
510,17,2026-09-30,10,67,HIGH
511,18,2026-09-01,8,48,MEDIUM
512,18,2026-09-02,8,60,HIGH
513,18,2026-09-03,8,55,MEDIUM
514,18,2026-09-04,4,30,LOW
515,18,2026-09-05,8,51,MEDIUM
516,18,2026-09-06,4,20,LOW
517,18,2026-09-07,8,60,HIGH
518,18,2026-09-08,10,57,MEDIUM
519,18,2026-09-09,8,48,MEDIUM
520,18,2026-09-10,4,27,LOW
521,18,2026-09-11,10,52,MEDIUM
522,18,2026-09-12,8,49,MEDIUM
523,18,2026-09-13,4,17,LOW
524,18,2026-09-14,8,53,MEDIUM
525,18,2026-09-15,10,69,HIGH
526,18,2026-09-16,12,71,HIGH
527,18,2026-09-17,8,44,MEDIUM
528,18,2026-09-18,12,84,CRITICAL
529,18,2026-09-19,8,46,MEDIUM
530,18,2026-09-20,8,53,MEDIUM
531,18,2026-09-21,8,54,MEDIUM
532,18,2026-09-22,10,66,HIGH
533,18,2026-09-23,8,52,MEDIUM
534,18,2026-09-24,8,51,MEDIUM
535,18,2026-09-25,8,50,MEDIUM
536,18,2026-09-26,10,64,HIGH
537,18,2026-09-27,4,32,LOW
538,18,2026-09-28,4,23,LOW
539,18,2026-09-29,4,22,LOW
540,18,2026-09-30,8,46,MEDIUM
541,19,2026-09-01,12,83,CRITICAL
542,19,2026-09-02,8,54,MEDIUM
543,19,2026-09-03,8,53,MEDIUM
544,19,2026-09-04,8,60,HIGH
545,19,2026-09-05,8,46,MEDIUM
546,19,2026-09-06,8,44,MEDIUM
547,19,2026-09-07,8,43,MEDIUM
548,19,2026-09-08,8,60,HIGH
549,19,2026-09-09,8,49,MEDIUM
550,19,2026-09-10,12,83,CRITICAL
551,19,2026-09-11,8,41,MEDIUM
552,19,2026-09-12,4,22,LOW
553,19,2026-09-13,8,57,MEDIUM
554,19,2026-09-14,4,28,LOW
555,19,2026-09-15,8,53,MEDIUM
556,19,2026-09-16,4,30,LOW
557,19,2026-09-17,0,0,LOW
558,19,2026-09-18,8,58,MEDIUM
559,19,2026-09-19,10,57,MEDIUM
560,19,2026-09-20,8,58,MEDIUM
561,19,2026-09-21,12,68,HIGH
562,19,2026-09-22,10,64,HIGH
563,19,2026-09-23,8,46,MEDIUM
564,19,2026-09-24,4,29,LOW
565,19,2026-09-25,8,54,MEDIUM
566,19,2026-09-26,4,20,LOW
567,19,2026-09-27,12,79,HIGH
568,19,2026-09-28,8,59,MEDIUM
569,19,2026-09-29,12,83,CRITICAL
570,19,2026-09-30,8,60,HIGH
571,20,2026-09-01,0,0,LOW
572,20,2026-09-02,12,66,HIGH
573,20,2026-09-03,0,0,LOW
574,20,2026-09-04,0,0,LOW
575,20,2026-09-05,8,42,MEDIUM
576,20,2026-09-06,8,51,MEDIUM
577,20,2026-09-07,4,20,LOW
578,20,2026-09-08,4,25,LOW
579,20,2026-09-09,12,66,HIGH
580,20,2026-09-10,8,59,MEDIUM
581,20,2026-09-11,8,58,MEDIUM
582,20,2026-09-12,12,78,HIGH
583,20,2026-09-13,8,50,MEDIUM
584,20,2026-09-14,10,57,MEDIUM
585,20,2026-09-15,8,49,MEDIUM
586,20,2026-09-16,0,9,LOW
587,20,2026-09-17,4,20,LOW
588,20,2026-09-18,4,29,LOW
589,20,2026-09-19,0,9,LOW
590,20,2026-09-20,8,53,MEDIUM
591,20,2026-09-21,4,33,LOW
592,20,2026-09-22,8,60,HIGH
593,20,2026-09-23,8,48,MEDIUM
594,20,2026-09-24,10,59,MEDIUM
595,20,2026-09-25,0,0,LOW
596,20,2026-09-26,8,43,MEDIUM
597,20,2026-09-27,12,65,HIGH
598,20,2026-09-28,4,28,LOW
599,20,2026-09-29,8,52,MEDIUM
600,20,2026-09-30,8,45,MEDIUM
601,21,2026-09-01,12,64,HIGH
602,21,2026-09-02,8,51,MEDIUM
603,21,2026-09-03,8,58,MEDIUM
604,21,2026-09-04,8,45,MEDIUM
605,21,2026-09-05,8,40,MEDIUM
606,21,2026-09-06,8,58,MEDIUM
607,21,2026-09-07,8,50,MEDIUM
608,21,2026-09-08,0,3,LOW
609,21,2026-09-09,0,0,LOW
610,21,2026-09-10,4,35,MEDIUM
611,21,2026-09-11,8,52,MEDIUM
612,21,2026-09-12,4,19,LOW
613,21,2026-09-13,12,70,HIGH
614,21,2026-09-14,10,62,HIGH
615,21,2026-09-15,8,42,MEDIUM
616,21,2026-09-16,8,59,MEDIUM
617,21,2026-09-17,12,79,HIGH
618,21,2026-09-18,0,11,LOW
619,21,2026-09-19,8,53,MEDIUM
620,21,2026-09-20,4,27,LOW
621,21,2026-09-21,12,72,HIGH
622,21,2026-09-22,4,32,LOW
623,21,2026-09-23,8,56,MEDIUM
624,21,2026-09-24,0,7,LOW
625,21,2026-09-25,8,45,MEDIUM
626,21,2026-09-26,0,12,LOW
627,21,2026-09-27,4,25,LOW
628,21,2026-09-28,8,54,MEDIUM
629,21,2026-09-29,8,50,MEDIUM
630,21,2026-09-30,0,0,LOW
631,22,2026-09-01,10,66,HIGH
632,22,2026-09-02,10,54,MEDIUM
633,22,2026-09-03,8,57,MEDIUM
634,22,2026-09-04,0,0,LOW
635,22,2026-09-05,12,83,CRITICAL
636,22,2026-09-06,0,10,LOW
637,22,2026-09-07,0,1,LOW
638,22,2026-09-08,8,46,MEDIUM
639,22,2026-09-09,8,52,MEDIUM
640,22,2026-09-10,8,41,MEDIUM
641,22,2026-09-11,10,60,HIGH
642,22,2026-09-12,10,64,HIGH
643,22,2026-09-13,8,51,MEDIUM
644,22,2026-09-14,12,80,CRITICAL
645,22,2026-09-15,12,77,HIGH
646,22,2026-09-16,8,50,MEDIUM
647,22,2026-09-17,4,27,LOW
648,22,2026-09-18,10,60,HIGH
649,22,2026-09-19,8,46,MEDIUM
650,22,2026-09-20,8,49,MEDIUM
651,22,2026-09-21,8,42,MEDIUM
652,22,2026-09-22,8,42,MEDIUM
653,22,2026-09-23,12,74,HIGH
654,22,2026-09-24,12,80,CRITICAL
655,22,2026-09-25,0,0,LOW
656,22,2026-09-26,12,68,HIGH
657,22,2026-09-27,12,67,HIGH
658,22,2026-09-28,4,18,LOW
659,22,2026-09-29,4,27,LOW
660,22,2026-09-30,0,0,LOW
661,23,2026-09-01,8,47,MEDIUM
662,23,2026-09-02,12,66,HIGH
663,23,2026-09-03,12,66,HIGH
664,23,2026-09-04,0,0,LOW
665,23,2026-09-05,10,62,HIGH
666,23,2026-09-06,12,83,CRITICAL
667,23,2026-09-07,0,0,LOW
668,23,2026-09-08,8,60,HIGH
669,23,2026-09-09,12,78,HIGH
670,23,2026-09-10,10,62,HIGH
671,23,2026-09-11,12,67,HIGH
672,23,2026-09-12,8,43,MEDIUM
673,23,2026-09-13,0,0,LOW
674,23,2026-09-14,4,18,LOW
675,23,2026-09-15,4,18,LOW
676,23,2026-09-16,10,54,MEDIUM
677,23,2026-09-17,0,5,LOW
678,23,2026-09-18,12,71,HIGH
679,23,2026-09-19,4,17,LOW
680,23,2026-09-20,10,54,MEDIUM
681,23,2026-09-21,8,50,MEDIUM
682,23,2026-09-22,10,68,HIGH
683,23,2026-09-23,4,31,LOW
684,23,2026-09-24,12,70,HIGH
685,23,2026-09-25,10,67,HIGH
686,23,2026-09-26,8,45,MEDIUM
687,23,2026-09-27,8,49,MEDIUM
688,23,2026-09-28,10,70,HIGH
689,23,2026-09-29,12,65,HIGH
690,23,2026-09-30,8,45,MEDIUM
691,24,2026-09-01,8,40,MEDIUM
692,24,2026-09-02,0,0,LOW
693,24,2026-09-03,4,24,LOW
694,24,2026-09-04,4,33,LOW
695,24,2026-09-05,8,46,MEDIUM
696,24,2026-09-06,10,55,MEDIUM
697,24,2026-09-07,10,54,MEDIUM
698,24,2026-09-08,4,21,LOW
699,24,2026-09-09,12,74,HIGH
700,24,2026-09-10,12,71,HIGH
701,24,2026-09-11,4,28,LOW
702,24,2026-09-12,10,70,HIGH
703,24,2026-09-13,8,59,MEDIUM
704,24,2026-09-14,8,56,MEDIUM
705,24,2026-09-15,10,61,HIGH
706,24,2026-09-16,4,29,LOW
707,24,2026-09-17,8,51,MEDIUM
708,24,2026-09-18,10,59,MEDIUM
709,24,2026-09-19,8,40,MEDIUM
710,24,2026-09-20,10,60,HIGH
711,24,2026-09-21,8,45,MEDIUM
712,24,2026-09-22,0,0,LOW
713,24,2026-09-23,0,7,LOW
714,24,2026-09-24,8,41,MEDIUM
715,24,2026-09-25,8,53,MEDIUM
716,24,2026-09-26,0,6,LOW
717,24,2026-09-27,0,0,LOW
718,24,2026-09-28,8,58,MEDIUM
719,24,2026-09-29,12,75,HIGH
720,24,2026-09-30,10,71,HIGH
721,25,2026-09-01,10,54,MEDIUM
722,25,2026-09-02,8,48,MEDIUM
723,25,2026-09-03,10,62,HIGH
724,25,2026-09-04,8,51,MEDIUM
725,25,2026-09-05,10,67,HIGH
726,25,2026-09-06,8,55,MEDIUM
727,25,2026-09-07,8,55,MEDIUM
728,25,2026-09-08,8,57,MEDIUM
729,25,2026-09-09,10,58,MEDIUM
730,25,2026-09-10,4,34,LOW
731,25,2026-09-11,4,17,LOW
732,25,2026-09-12,10,63,HIGH
733,25,2026-09-13,8,54,MEDIUM
734,25,2026-09-14,8,50,MEDIUM
735,25,2026-09-15,12,76,HIGH
736,25,2026-09-16,8,54,MEDIUM
737,25,2026-09-17,8,44,MEDIUM
738,25,2026-09-18,4,28,LOW
739,25,2026-09-19,8,40,MEDIUM
740,25,2026-09-20,12,68,HIGH
741,25,2026-09-21,12,74,HIGH
742,25,2026-09-22,8,60,HIGH
743,25,2026-09-23,4,28,LOW
744,25,2026-09-24,8,40,MEDIUM
745,25,2026-09-25,8,45,MEDIUM
746,25,2026-09-26,4,34,LOW
747,25,2026-09-27,4,22,LOW
748,25,2026-09-28,0,0,LOW
749,25,2026-09-29,8,55,MEDIUM
750,25,2026-09-30,4,24,LOW
751,26,2026-09-01,8,46,MEDIUM
752,26,2026-09-02,0,7,LOW
753,26,2026-09-03,8,45,MEDIUM
754,26,2026-09-04,8,57,MEDIUM
755,26,2026-09-05,8,47,MEDIUM
756,26,2026-09-06,4,31,LOW
757,26,2026-09-07,8,55,MEDIUM
758,26,2026-09-08,8,53,MEDIUM
759,26,2026-09-09,12,69,HIGH
760,26,2026-09-10,8,41,MEDIUM
761,26,2026-09-11,8,43,MEDIUM
762,26,2026-09-12,0,2,LOW
763,26,2026-09-13,10,67,HIGH
764,26,2026-09-14,8,49,MEDIUM
765,26,2026-09-15,4,23,LOW
766,26,2026-09-16,8,55,MEDIUM
767,26,2026-09-17,12,70,HIGH
768,26,2026-09-18,8,55,MEDIUM
769,26,2026-09-19,0,1,LOW
770,26,2026-09-20,10,57,MEDIUM
771,26,2026-09-21,8,60,HIGH
772,26,2026-09-22,8,59,MEDIUM
773,26,2026-09-23,8,59,MEDIUM
774,26,2026-09-24,0,11,LOW
775,26,2026-09-25,4,32,LOW
776,26,2026-09-26,8,50,MEDIUM
777,26,2026-09-27,10,63,HIGH
778,26,2026-09-28,12,68,HIGH
779,26,2026-09-29,8,58,MEDIUM
780,26,2026-09-30,8,42,MEDIUM
781,27,2026-09-01,0,6,LOW
782,27,2026-09-02,8,53,MEDIUM
783,27,2026-09-03,4,22,LOW
784,27,2026-09-04,8,47,MEDIUM
785,27,2026-09-05,12,74,HIGH
786,27,2026-09-06,10,67,HIGH
787,27,2026-09-07,12,72,HIGH
788,27,2026-09-08,8,50,MEDIUM
789,27,2026-09-09,8,50,MEDIUM
790,27,2026-09-10,10,58,MEDIUM
791,27,2026-09-11,4,26,LOW
792,27,2026-09-12,12,84,CRITICAL
793,27,2026-09-13,8,47,MEDIUM
794,27,2026-09-14,10,70,HIGH
795,27,2026-09-15,8,47,MEDIUM
796,27,2026-09-16,12,71,HIGH
797,27,2026-09-17,8,58,MEDIUM
798,27,2026-09-18,8,40,MEDIUM
799,27,2026-09-19,8,56,MEDIUM
800,27,2026-09-20,0,4,LOW
801,27,2026-09-21,12,68,HIGH
802,27,2026-09-22,8,50,MEDIUM
803,27,2026-09-23,0,8,LOW
804,27,2026-09-24,8,54,MEDIUM
805,27,2026-09-25,8,48,MEDIUM
806,27,2026-09-26,0,6,LOW
807,27,2026-09-27,8,46,MEDIUM
808,27,2026-09-28,12,72,HIGH
809,27,2026-09-29,10,56,MEDIUM
810,27,2026-09-30,8,41,MEDIUM
811,28,2026-09-01,8,47,MEDIUM
812,28,2026-09-02,4,36,MEDIUM
813,28,2026-09-03,0,2,LOW
814,28,2026-09-04,8,59,MEDIUM
815,28,2026-09-05,8,57,MEDIUM
816,28,2026-09-06,4,24,LOW
817,28,2026-09-07,8,55,MEDIUM
818,28,2026-09-08,8,59,MEDIUM
819,28,2026-09-09,8,46,MEDIUM
820,28,2026-09-10,12,84,CRITICAL
821,28,2026-09-11,4,35,MEDIUM
822,28,2026-09-12,8,43,MEDIUM
823,28,2026-09-13,8,41,MEDIUM
824,28,2026-09-14,10,58,MEDIUM
825,28,2026-09-15,8,56,MEDIUM
826,28,2026-09-16,8,47,MEDIUM
827,28,2026-09-17,12,76,HIGH
828,28,2026-09-18,8,40,MEDIUM
829,28,2026-09-19,8,48,MEDIUM
830,28,2026-09-20,4,20,LOW
831,28,2026-09-21,8,40,MEDIUM
832,28,2026-09-22,0,12,LOW
833,28,2026-09-23,10,65,HIGH
834,28,2026-09-24,0,3,LOW
835,28,2026-09-25,8,44,MEDIUM
836,28,2026-09-26,8,60,HIGH
837,28,2026-09-27,8,57,MEDIUM
838,28,2026-09-28,4,35,MEDIUM
839,28,2026-09-29,8,50,MEDIUM
840,28,2026-09-30,0,0,LOW
841,29,2026-09-01,8,48,MEDIUM
842,29,2026-09-02,4,35,MEDIUM
843,29,2026-09-03,8,49,MEDIUM
844,29,2026-09-04,4,34,LOW
845,29,2026-09-05,4,26,LOW
846,29,2026-09-06,0,0,LOW
847,29,2026-09-07,0,2,LOW
848,29,2026-09-08,8,55,MEDIUM
849,29,2026-09-09,8,44,MEDIUM
850,29,2026-09-10,8,52,MEDIUM
851,29,2026-09-11,8,40,MEDIUM
852,29,2026-09-12,10,65,HIGH
853,29,2026-09-13,10,62,HIGH
854,29,2026-09-14,8,45,MEDIUM
855,29,2026-09-15,8,59,MEDIUM
856,29,2026-09-16,12,65,HIGH
857,29,2026-09-17,10,61,HIGH
858,29,2026-09-18,8,58,MEDIUM
859,29,2026-09-19,12,82,CRITICAL
860,29,2026-09-20,0,8,LOW
861,29,2026-09-21,0,0,LOW
862,29,2026-09-22,8,42,MEDIUM
863,29,2026-09-23,0,0,LOW
864,29,2026-09-24,4,19,LOW
865,29,2026-09-25,8,45,MEDIUM
866,29,2026-09-26,10,59,MEDIUM
867,29,2026-09-27,0,3,LOW
868,29,2026-09-28,8,50,MEDIUM
869,29,2026-09-29,0,5,LOW
870,29,2026-09-30,8,42,MEDIUM
871,30,2026-09-01,8,52,MEDIUM
872,30,2026-09-02,8,41,MEDIUM
873,30,2026-09-03,8,53,MEDIUM
874,30,2026-09-04,10,64,HIGH
875,30,2026-09-05,10,56,MEDIUM
876,30,2026-09-06,8,42,MEDIUM
877,30,2026-09-07,12,70,HIGH
878,30,2026-09-08,8,45,MEDIUM
879,30,2026-09-09,0,0,LOW
880,30,2026-09-10,4,23,LOW
881,30,2026-09-11,0,12,LOW
882,30,2026-09-12,10,69,HIGH
883,30,2026-09-13,0,0,LOW
884,30,2026-09-14,10,59,MEDIUM
885,30,2026-09-15,8,41,MEDIUM
886,30,2026-09-16,0,0,LOW
887,30,2026-09-17,12,71,HIGH
888,30,2026-09-18,4,20,LOW
889,30,2026-09-19,8,50,MEDIUM
890,30,2026-09-20,8,52,MEDIUM
891,30,2026-09-21,12,84,CRITICAL
892,30,2026-09-22,10,64,HIGH
893,30,2026-09-23,0,8,LOW
894,30,2026-09-24,12,73,HIGH
895,30,2026-09-25,8,40,MEDIUM
896,30,2026-09-26,10,65,HIGH
897,30,2026-09-27,8,42,MEDIUM
898,30,2026-09-28,0,0,LOW
899,30,2026-09-29,8,41,MEDIUM
900,30,2026-09-30,4,23,LOW
901,31,2026-09-01,8,55,MEDIUM
902,31,2026-09-02,0,3,LOW
903,31,2026-09-03,10,54,MEDIUM
904,31,2026-09-04,8,51,MEDIUM
905,31,2026-09-05,8,45,MEDIUM
906,31,2026-09-06,8,46,MEDIUM
907,31,2026-09-07,4,33,LOW
908,31,2026-09-08,0,12,LOW
909,31,2026-09-09,10,71,HIGH
910,31,2026-09-10,8,48,MEDIUM
911,31,2026-09-11,8,51,MEDIUM
912,31,2026-09-12,8,52,MEDIUM
913,31,2026-09-13,4,22,LOW
914,31,2026-09-14,12,83,CRITICAL
915,31,2026-09-15,8,50,MEDIUM
916,31,2026-09-16,4,26,LOW
917,31,2026-09-17,8,52,MEDIUM
918,31,2026-09-18,0,12,LOW
919,31,2026-09-19,8,54,MEDIUM
920,31,2026-09-20,0,6,LOW
921,31,2026-09-21,8,60,HIGH
922,31,2026-09-22,10,68,HIGH
923,31,2026-09-23,12,76,HIGH
924,31,2026-09-24,4,21,LOW
925,31,2026-09-25,0,0,LOW
926,31,2026-09-26,8,43,MEDIUM
927,31,2026-09-27,10,58,MEDIUM
928,31,2026-09-28,4,34,LOW
929,31,2026-09-29,10,61,HIGH
930,31,2026-09-30,12,70,HIGH
931,32,2026-09-01,8,49,MEDIUM
932,32,2026-09-02,8,54,MEDIUM
933,32,2026-09-03,0,12,LOW
934,32,2026-09-04,10,59,MEDIUM
935,32,2026-09-05,8,48,MEDIUM
936,32,2026-09-06,4,32,LOW
937,32,2026-09-07,0,1,LOW
938,32,2026-09-08,0,0,LOW
939,32,2026-09-09,12,69,HIGH
940,32,2026-09-10,12,74,HIGH
941,32,2026-09-11,4,31,LOW
942,32,2026-09-12,10,64,HIGH
943,32,2026-09-13,10,62,HIGH
944,32,2026-09-14,8,52,MEDIUM
945,32,2026-09-15,8,45,MEDIUM
946,32,2026-09-16,8,55,MEDIUM
947,32,2026-09-17,8,59,MEDIUM
948,32,2026-09-18,8,47,MEDIUM
949,32,2026-09-19,0,11,LOW
950,32,2026-09-20,0,0,LOW
951,32,2026-09-21,12,64,HIGH
952,32,2026-09-22,8,41,MEDIUM
953,32,2026-09-23,12,64,HIGH
954,32,2026-09-24,8,40,MEDIUM
955,32,2026-09-25,8,54,MEDIUM
956,32,2026-09-26,8,58,MEDIUM
957,32,2026-09-27,4,19,LOW
958,32,2026-09-28,0,3,LOW
959,32,2026-09-29,4,36,MEDIUM
960,32,2026-09-30,4,29,LOW
961,33,2026-09-01,10,63,HIGH
962,33,2026-09-02,0,0,LOW
963,33,2026-09-03,8,60,HIGH
964,33,2026-09-04,0,1,LOW
965,33,2026-09-05,12,65,HIGH
966,33,2026-09-06,0,1,LOW
967,33,2026-09-07,4,24,LOW
968,33,2026-09-08,8,46,MEDIUM
969,33,2026-09-09,0,12,LOW
970,33,2026-09-10,10,52,MEDIUM
971,33,2026-09-11,8,45,MEDIUM
972,33,2026-09-12,0,0,LOW
973,33,2026-09-13,0,0,LOW
974,33,2026-09-14,8,58,MEDIUM
975,33,2026-09-15,10,69,HIGH
976,33,2026-09-16,8,48,MEDIUM
977,33,2026-09-17,0,10,LOW
978,33,2026-09-18,8,42,MEDIUM
979,33,2026-09-19,10,56,MEDIUM
980,33,2026-09-20,4,18,LOW
981,33,2026-09-21,8,52,MEDIUM
982,33,2026-09-22,0,0,LOW
983,33,2026-09-23,8,53,MEDIUM
984,33,2026-09-24,12,78,HIGH
985,33,2026-09-25,8,45,MEDIUM
986,33,2026-09-26,0,10,LOW
987,33,2026-09-27,0,0,LOW
988,33,2026-09-28,12,72,HIGH
989,33,2026-09-29,10,61,HIGH
990,33,2026-09-30,10,67,HIGH
991,34,2026-09-01,4,24,LOW
992,34,2026-09-02,0,0,LOW
993,34,2026-09-03,12,70,HIGH
994,34,2026-09-04,4,30,LOW
995,34,2026-09-05,12,64,HIGH
996,34,2026-09-06,10,53,MEDIUM
997,34,2026-09-07,12,82,CRITICAL
998,34,2026-09-08,12,77,HIGH
999,34,2026-09-09,8,55,MEDIUM
1000,34,2026-09-10,12,71,HIGH
1001,34,2026-09-11,10,53,MEDIUM
1002,34,2026-09-12,8,51,MEDIUM
1003,34,2026-09-13,0,11,LOW
1004,34,2026-09-14,8,54,MEDIUM
1005,34,2026-09-15,12,79,HIGH
1006,34,2026-09-16,8,45,MEDIUM
1007,34,2026-09-17,8,51,MEDIUM
1008,34,2026-09-18,10,69,HIGH
1009,34,2026-09-19,8,44,MEDIUM
1010,34,2026-09-20,8,60,HIGH
1011,34,2026-09-21,8,53,MEDIUM
1012,34,2026-09-22,4,34,LOW
1013,34,2026-09-23,8,51,MEDIUM
1014,34,2026-09-24,8,51,MEDIUM
1015,34,2026-09-25,12,73,HIGH
1016,34,2026-09-26,4,31,LOW
1017,34,2026-09-27,10,69,HIGH
1018,34,2026-09-28,8,51,MEDIUM
1019,34,2026-09-29,8,42,MEDIUM
1020,34,2026-09-30,8,48,MEDIUM
1021,35,2026-09-01,4,26,LOW
1022,35,2026-09-02,8,60,HIGH
1023,35,2026-09-03,8,54,MEDIUM
1024,35,2026-09-04,12,81,CRITICAL
1025,35,2026-09-05,12,69,HIGH
1026,35,2026-09-06,0,2,LOW
1027,35,2026-09-07,8,60,HIGH
1028,35,2026-09-08,4,35,MEDIUM
1029,35,2026-09-09,8,57,MEDIUM
1030,35,2026-09-10,10,57,MEDIUM
1031,35,2026-09-11,12,82,CRITICAL
1032,35,2026-09-12,4,22,LOW
1033,35,2026-09-13,12,76,HIGH
1034,35,2026-09-14,0,5,LOW
1035,35,2026-09-15,0,8,LOW
1036,35,2026-09-16,8,41,MEDIUM
1037,35,2026-09-17,8,43,MEDIUM
1038,35,2026-09-18,8,40,MEDIUM
1039,35,2026-09-19,8,57,MEDIUM
1040,35,2026-09-20,10,57,MEDIUM
1041,35,2026-09-21,10,59,MEDIUM
1042,35,2026-09-22,10,62,HIGH
1043,35,2026-09-23,8,43,MEDIUM
1044,35,2026-09-24,8,51,MEDIUM
1045,35,2026-09-25,8,52,MEDIUM
1046,35,2026-09-26,8,52,MEDIUM
1047,35,2026-09-27,4,34,LOW
1048,35,2026-09-28,8,53,MEDIUM
1049,35,2026-09-29,10,55,MEDIUM
1050,35,2026-09-30,4,36,MEDIUM
1051,36,2026-09-01,10,66,HIGH
1052,36,2026-09-02,4,22,LOW
1053,36,2026-09-03,10,52,MEDIUM
1054,36,2026-09-04,12,80,CRITICAL
1055,36,2026-09-05,12,67,HIGH
1056,36,2026-09-06,8,44,MEDIUM
1057,36,2026-09-07,0,1,LOW
1058,36,2026-09-08,4,28,LOW
1059,36,2026-09-09,8,46,MEDIUM
1060,36,2026-09-10,8,60,HIGH
1061,36,2026-09-11,0,0,LOW
1062,36,2026-09-12,0,0,LOW
1063,36,2026-09-13,0,1,LOW
1064,36,2026-09-14,0,0,LOW
1065,36,2026-09-15,4,18,LOW
1066,36,2026-09-16,0,0,LOW
1067,36,2026-09-17,8,43,MEDIUM
1068,36,2026-09-18,8,51,MEDIUM
1069,36,2026-09-19,10,64,HIGH
1070,36,2026-09-20,0,11,LOW
1071,36,2026-09-21,8,50,MEDIUM
1072,36,2026-09-22,8,51,MEDIUM
1073,36,2026-09-23,4,25,LOW
1074,36,2026-09-24,8,59,MEDIUM
1075,36,2026-09-25,8,55,MEDIUM
1076,36,2026-09-26,10,71,HIGH
1077,36,2026-09-27,8,41,MEDIUM
1078,36,2026-09-28,10,67,HIGH
1079,36,2026-09-29,0,7,LOW
1080,36,2026-09-30,8,51,MEDIUM
1081,37,2026-09-01,0,0,LOW
1082,37,2026-09-02,10,67,HIGH
1083,37,2026-09-03,12,76,HIGH
1084,37,2026-09-04,12,81,CRITICAL
1085,37,2026-09-05,12,67,HIGH
1086,37,2026-09-06,8,58,MEDIUM
1087,37,2026-09-07,8,51,MEDIUM
1088,37,2026-09-08,10,67,HIGH
1089,37,2026-09-09,0,4,LOW
1090,37,2026-09-10,0,7,LOW
1091,37,2026-09-11,12,66,HIGH
1092,37,2026-09-12,8,48,MEDIUM
1093,37,2026-09-13,8,42,MEDIUM
1094,37,2026-09-14,0,0,LOW
1095,37,2026-09-15,10,72,HIGH
1096,37,2026-09-16,0,6,LOW
1097,37,2026-09-17,8,50,MEDIUM
1098,37,2026-09-18,4,35,MEDIUM
1099,37,2026-09-19,8,41,MEDIUM
1100,37,2026-09-20,8,49,MEDIUM
1101,37,2026-09-21,8,54,MEDIUM
1102,37,2026-09-22,4,35,MEDIUM
1103,37,2026-09-23,8,43,MEDIUM
1104,37,2026-09-24,0,0,LOW
1105,37,2026-09-25,8,40,MEDIUM
1106,37,2026-09-26,8,54,MEDIUM
1107,37,2026-09-27,0,8,LOW
1108,37,2026-09-28,4,30,LOW
1109,37,2026-09-29,8,58,MEDIUM
1110,37,2026-09-30,8,57,MEDIUM
1111,38,2026-09-01,10,53,MEDIUM
1112,38,2026-09-02,8,58,MEDIUM
1113,38,2026-09-03,0,8,LOW
1114,38,2026-09-04,8,45,MEDIUM
1115,38,2026-09-05,8,49,MEDIUM
1116,38,2026-09-06,12,69,HIGH
1117,38,2026-09-07,0,1,LOW
1118,38,2026-09-08,8,50,MEDIUM
1119,38,2026-09-09,8,43,MEDIUM
1120,38,2026-09-10,10,56,MEDIUM
1121,38,2026-09-11,12,66,HIGH
1122,38,2026-09-12,4,31,LOW
1123,38,2026-09-13,8,47,MEDIUM
1124,38,2026-09-14,0,4,LOW
1125,38,2026-09-15,12,84,CRITICAL
1126,38,2026-09-16,4,28,LOW
1127,38,2026-09-17,0,1,LOW
1128,38,2026-09-18,4,23,LOW
1129,38,2026-09-19,8,58,MEDIUM
1130,38,2026-09-20,12,79,HIGH
1131,38,2026-09-21,4,30,LOW
1132,38,2026-09-22,12,67,HIGH
1133,38,2026-09-23,0,0,LOW
1134,38,2026-09-24,4,20,LOW
1135,38,2026-09-25,10,71,HIGH
1136,38,2026-09-26,8,40,MEDIUM
1137,38,2026-09-27,8,55,MEDIUM
1138,38,2026-09-28,8,53,MEDIUM
1139,38,2026-09-29,0,8,LOW
1140,38,2026-09-30,10,63,HIGH
1141,39,2026-09-01,10,69,HIGH
1142,39,2026-09-02,0,5,LOW
1143,39,2026-09-03,8,41,MEDIUM
1144,39,2026-09-04,8,53,MEDIUM
1145,39,2026-09-05,8,53,MEDIUM
1146,39,2026-09-06,0,0,LOW
1147,39,2026-09-07,0,0,LOW
1148,39,2026-09-08,10,63,HIGH
1149,39,2026-09-09,8,52,MEDIUM
1150,39,2026-09-10,8,47,MEDIUM
1151,39,2026-09-11,4,19,LOW
1152,39,2026-09-12,0,0,LOW
1153,39,2026-09-13,0,10,LOW
1154,39,2026-09-14,4,22,LOW
1155,39,2026-09-15,8,57,MEDIUM
1156,39,2026-09-16,8,57,MEDIUM
1157,39,2026-09-17,8,55,MEDIUM
1158,39,2026-09-18,0,0,LOW
1159,39,2026-09-19,8,53,MEDIUM
1160,39,2026-09-20,0,9,LOW
1161,39,2026-09-21,0,0,LOW
1162,39,2026-09-22,4,20,LOW
1163,39,2026-09-23,8,44,MEDIUM
1164,39,2026-09-24,10,64,HIGH
1165,39,2026-09-25,0,3,LOW
1166,39,2026-09-26,0,8,LOW
1167,39,2026-09-27,12,64,HIGH
1168,39,2026-09-28,0,8,LOW
1169,39,2026-09-29,10,60,HIGH
1170,39,2026-09-30,8,56,MEDIUM
1171,40,2026-09-01,0,1,LOW
1172,40,2026-09-02,12,68,HIGH
1173,40,2026-09-03,8,47,MEDIUM
1174,40,2026-09-04,12,79,HIGH
1175,40,2026-09-05,12,70,HIGH
1176,40,2026-09-06,4,31,LOW
1177,40,2026-09-07,8,55,MEDIUM
1178,40,2026-09-08,4,19,LOW
1179,40,2026-09-09,4,28,LOW
1180,40,2026-09-10,8,60,HIGH
1181,40,2026-09-11,10,69,HIGH
1182,40,2026-09-12,12,66,HIGH
1183,40,2026-09-13,4,20,LOW
1184,40,2026-09-14,12,80,CRITICAL
1185,40,2026-09-15,4,18,LOW
1186,40,2026-09-16,8,56,MEDIUM
1187,40,2026-09-17,0,10,LOW
1188,40,2026-09-18,4,23,LOW
1189,40,2026-09-19,10,65,HIGH
1190,40,2026-09-20,12,84,CRITICAL
1191,40,2026-09-21,8,47,MEDIUM
1192,40,2026-09-22,12,72,HIGH
1193,40,2026-09-23,8,41,MEDIUM
1194,40,2026-09-24,12,77,HIGH
1195,40,2026-09-25,0,2,LOW
1196,40,2026-09-26,12,76,HIGH
1197,40,2026-09-27,0,0,LOW
1198,40,2026-09-28,10,63,HIGH
1199,40,2026-09-29,8,54,MEDIUM
1200,40,2026-09-30,8,47,MEDIUM
1201,41,2026-09-01,10,56,MEDIUM
1202,41,2026-09-02,8,59,MEDIUM
1203,41,2026-09-03,12,80,CRITICAL
1204,41,2026-09-04,8,60,HIGH
1205,41,2026-09-05,12,84,CRITICAL
1206,41,2026-09-06,4,23,LOW
1207,41,2026-09-07,8,56,MEDIUM
1208,41,2026-09-08,8,55,MEDIUM
1209,41,2026-09-09,12,66,HIGH
1210,41,2026-09-10,8,59,MEDIUM
1211,41,2026-09-11,0,5,LOW
1212,41,2026-09-12,0,9,LOW
1213,41,2026-09-13,0,0,LOW
1214,41,2026-09-14,12,84,CRITICAL
1215,41,2026-09-15,0,3,LOW
1216,41,2026-09-16,8,52,MEDIUM
1217,41,2026-09-17,8,54,MEDIUM
1218,41,2026-09-18,10,62,HIGH
1219,41,2026-09-19,8,57,MEDIUM
1220,41,2026-09-20,8,50,MEDIUM
1221,41,2026-09-21,8,55,MEDIUM
1222,41,2026-09-22,8,55,MEDIUM
1223,41,2026-09-23,8,58,MEDIUM
1224,41,2026-09-24,10,69,HIGH
1225,41,2026-09-25,10,71,HIGH
1226,41,2026-09-26,8,58,MEDIUM
1227,41,2026-09-27,4,31,LOW
1228,41,2026-09-28,8,42,MEDIUM
1229,41,2026-09-29,10,67,HIGH
1230,41,2026-09-30,8,57,MEDIUM
1231,42,2026-09-01,8,59,MEDIUM
1232,42,2026-09-02,10,54,MEDIUM
1233,42,2026-09-03,8,60,HIGH
1234,42,2026-09-04,8,48,MEDIUM
1235,42,2026-09-05,12,73,HIGH
1236,42,2026-09-06,8,56,MEDIUM
1237,42,2026-09-07,4,26,LOW
1238,42,2026-09-08,8,47,MEDIUM
1239,42,2026-09-09,8,46,MEDIUM
1240,42,2026-09-10,8,49,MEDIUM
1241,42,2026-09-11,4,26,LOW
1242,42,2026-09-12,8,53,MEDIUM
1243,42,2026-09-13,8,48,MEDIUM
1244,42,2026-09-14,8,53,MEDIUM
1245,42,2026-09-15,10,58,MEDIUM
1246,42,2026-09-16,12,83,CRITICAL
1247,42,2026-09-17,12,68,HIGH
1248,42,2026-09-18,12,73,HIGH
1249,42,2026-09-19,4,27,LOW
1250,42,2026-09-20,10,69,HIGH
1251,42,2026-09-21,8,50,MEDIUM
1252,42,2026-09-22,4,30,LOW
1253,42,2026-09-23,8,56,MEDIUM
1254,42,2026-09-24,4,19,LOW
1255,42,2026-09-25,10,61,HIGH
1256,42,2026-09-26,10,59,MEDIUM
1257,42,2026-09-27,4,35,MEDIUM
1258,42,2026-09-28,12,84,CRITICAL
1259,42,2026-09-29,12,74,HIGH
1260,42,2026-09-30,4,36,MEDIUM
1261,43,2026-09-01,12,79,HIGH
1262,43,2026-09-02,8,47,MEDIUM
1263,43,2026-09-03,8,55,MEDIUM
1264,43,2026-09-04,10,60,HIGH
1265,43,2026-09-05,8,54,MEDIUM
1266,43,2026-09-06,8,50,MEDIUM
1267,43,2026-09-07,4,24,LOW
1268,43,2026-09-08,8,42,MEDIUM
1269,43,2026-09-09,8,43,MEDIUM
1270,43,2026-09-10,8,57,MEDIUM
1271,43,2026-09-11,8,40,MEDIUM
1272,43,2026-09-12,0,0,LOW
1273,43,2026-09-13,12,72,HIGH
1274,43,2026-09-14,8,54,MEDIUM
1275,43,2026-09-15,8,58,MEDIUM
1276,43,2026-09-16,12,72,HIGH
1277,43,2026-09-17,8,58,MEDIUM
1278,43,2026-09-18,8,46,MEDIUM
1279,43,2026-09-19,8,41,MEDIUM
1280,43,2026-09-20,8,60,HIGH
1281,43,2026-09-21,8,59,MEDIUM
1282,43,2026-09-22,0,7,LOW
1283,43,2026-09-23,8,52,MEDIUM
1284,43,2026-09-24,8,43,MEDIUM
1285,43,2026-09-25,4,21,LOW
1286,43,2026-09-26,0,3,LOW
1287,43,2026-09-27,12,65,HIGH
1288,43,2026-09-28,0,0,LOW
1289,43,2026-09-29,8,43,MEDIUM
1290,43,2026-09-30,8,57,MEDIUM
1291,44,2026-09-01,8,44,MEDIUM
1292,44,2026-09-02,12,67,HIGH
1293,44,2026-09-03,10,65,HIGH
1294,44,2026-09-04,4,17,LOW
1295,44,2026-09-05,10,70,HIGH
1296,44,2026-09-06,0,0,LOW
1297,44,2026-09-07,0,2,LOW
1298,44,2026-09-08,8,48,MEDIUM
1299,44,2026-09-09,8,53,MEDIUM
1300,44,2026-09-10,4,23,LOW
1301,44,2026-09-11,4,35,MEDIUM
1302,44,2026-09-12,8,58,MEDIUM
1303,44,2026-09-13,12,72,HIGH
1304,44,2026-09-14,8,51,MEDIUM
1305,44,2026-09-15,12,71,HIGH
1306,44,2026-09-16,4,16,LOW
1307,44,2026-09-17,8,58,MEDIUM
1308,44,2026-09-18,8,47,MEDIUM
1309,44,2026-09-19,4,28,LOW
1310,44,2026-09-20,4,33,LOW
1311,44,2026-09-21,8,40,MEDIUM
1312,44,2026-09-22,4,18,LOW
1313,44,2026-09-23,8,59,MEDIUM
1314,44,2026-09-24,8,55,MEDIUM
1315,44,2026-09-25,0,0,LOW
1316,44,2026-09-26,4,29,LOW
1317,44,2026-09-27,4,23,LOW
1318,44,2026-09-28,8,59,MEDIUM
1319,44,2026-09-29,4,21,LOW
1320,44,2026-09-30,4,24,LOW
1321,45,2026-09-01,0,0,LOW
1322,45,2026-09-02,4,25,LOW
1323,45,2026-09-03,8,58,MEDIUM
1324,45,2026-09-04,12,83,CRITICAL
1325,45,2026-09-05,12,76,HIGH
1326,45,2026-09-06,8,46,MEDIUM
1327,45,2026-09-07,4,19,LOW
1328,45,2026-09-08,12,66,HIGH
1329,45,2026-09-09,8,54,MEDIUM
1330,45,2026-09-10,8,44,MEDIUM
1331,45,2026-09-11,10,64,HIGH
1332,45,2026-09-12,12,83,CRITICAL
1333,45,2026-09-13,12,76,HIGH
1334,45,2026-09-14,0,9,LOW
1335,45,2026-09-15,12,72,HIGH
1336,45,2026-09-16,4,31,LOW
1337,45,2026-09-17,8,56,MEDIUM
1338,45,2026-09-18,8,50,MEDIUM
1339,45,2026-09-19,0,7,LOW
1340,45,2026-09-20,8,59,MEDIUM
1341,45,2026-09-21,8,54,MEDIUM
1342,45,2026-09-22,8,46,MEDIUM
1343,45,2026-09-23,8,44,MEDIUM
1344,45,2026-09-24,10,54,MEDIUM
1345,45,2026-09-25,8,52,MEDIUM
1346,45,2026-09-26,4,28,LOW
1347,45,2026-09-27,4,22,LOW
1348,45,2026-09-28,8,51,MEDIUM
1349,45,2026-09-29,8,48,MEDIUM
1350,45,2026-09-30,4,25,LOW
1351,46,2026-09-01,4,28,LOW
1352,46,2026-09-02,8,55,MEDIUM
1353,46,2026-09-03,0,10,LOW
1354,46,2026-09-04,4,36,MEDIUM
1355,46,2026-09-05,10,54,MEDIUM
1356,46,2026-09-06,8,40,MEDIUM
1357,46,2026-09-07,8,58,MEDIUM
1358,46,2026-09-08,8,51,MEDIUM
1359,46,2026-09-09,8,40,MEDIUM
1360,46,2026-09-10,8,53,MEDIUM
1361,46,2026-09-11,10,66,HIGH
1362,46,2026-09-12,8,42,MEDIUM
1363,46,2026-09-13,8,48,MEDIUM
1364,46,2026-09-14,8,47,MEDIUM
1365,46,2026-09-15,8,51,MEDIUM
1366,46,2026-09-16,8,55,MEDIUM
1367,46,2026-09-17,4,21,LOW
1368,46,2026-09-18,4,34,LOW
1369,46,2026-09-19,10,68,HIGH
1370,46,2026-09-20,8,56,MEDIUM
1371,46,2026-09-21,12,70,HIGH
1372,46,2026-09-22,12,65,HIGH
1373,46,2026-09-23,8,51,MEDIUM
1374,46,2026-09-24,0,0,LOW
1375,46,2026-09-25,0,0,LOW
1376,46,2026-09-26,0,11,LOW
1377,46,2026-09-27,10,69,HIGH
1378,46,2026-09-28,0,0,LOW
1379,46,2026-09-29,0,8,LOW
1380,46,2026-09-30,8,54,MEDIUM
1381,47,2026-09-01,4,25,LOW
1382,47,2026-09-02,4,29,LOW
1383,47,2026-09-03,8,45,MEDIUM
1384,47,2026-09-04,4,29,LOW
1385,47,2026-09-05,8,45,MEDIUM
1386,47,2026-09-06,8,42,MEDIUM
1387,47,2026-09-07,4,18,LOW
1388,47,2026-09-08,8,41,MEDIUM
1389,47,2026-09-09,8,60,HIGH
1390,47,2026-09-10,12,69,HIGH
1391,47,2026-09-11,8,57,MEDIUM
1392,47,2026-09-12,8,53,MEDIUM
1393,47,2026-09-13,4,23,LOW
1394,47,2026-09-14,0,0,LOW
1395,47,2026-09-15,8,42,MEDIUM
1396,47,2026-09-16,0,0,LOW
1397,47,2026-09-17,8,45,MEDIUM
1398,47,2026-09-18,8,43,MEDIUM
1399,47,2026-09-19,12,78,HIGH
1400,47,2026-09-20,8,51,MEDIUM
1401,47,2026-09-21,10,57,MEDIUM
1402,47,2026-09-22,4,33,LOW
1403,47,2026-09-23,4,23,LOW
1404,47,2026-09-24,12,64,HIGH
1405,47,2026-09-25,8,45,MEDIUM
1406,47,2026-09-26,12,72,HIGH
1407,47,2026-09-27,8,40,MEDIUM
1408,47,2026-09-28,8,56,MEDIUM
1409,47,2026-09-29,0,4,LOW
1410,47,2026-09-30,4,21,LOW
1411,48,2026-09-01,0,7,LOW
1412,48,2026-09-02,4,20,LOW
1413,48,2026-09-03,4,35,MEDIUM
1414,48,2026-09-04,12,75,HIGH
1415,48,2026-09-05,8,48,MEDIUM
1416,48,2026-09-06,8,47,MEDIUM
1417,48,2026-09-07,8,45,MEDIUM
1418,48,2026-09-08,10,55,MEDIUM
1419,48,2026-09-09,10,59,MEDIUM
1420,48,2026-09-10,4,36,MEDIUM
1421,48,2026-09-11,8,41,MEDIUM
1422,48,2026-09-12,0,4,LOW
1423,48,2026-09-13,4,16,LOW
1424,48,2026-09-14,8,54,MEDIUM
1425,48,2026-09-15,8,55,MEDIUM
1426,48,2026-09-16,10,64,HIGH
1427,48,2026-09-17,8,57,MEDIUM
1428,48,2026-09-18,10,64,HIGH
1429,48,2026-09-19,8,54,MEDIUM
1430,48,2026-09-20,10,68,HIGH
1431,48,2026-09-21,8,59,MEDIUM
1432,48,2026-09-22,8,52,MEDIUM
1433,48,2026-09-23,12,72,HIGH
1434,48,2026-09-24,8,53,MEDIUM
1435,48,2026-09-25,4,32,LOW
1436,48,2026-09-26,12,79,HIGH
1437,48,2026-09-27,4,17,LOW
1438,48,2026-09-28,4,18,LOW
1439,48,2026-09-29,8,51,MEDIUM
1440,48,2026-09-30,12,73,HIGH
1441,49,2026-09-01,0,11,LOW
1442,49,2026-09-02,8,52,MEDIUM
1443,49,2026-09-03,8,49,MEDIUM
1444,49,2026-09-04,8,40,MEDIUM
1445,49,2026-09-05,8,55,MEDIUM
1446,49,2026-09-06,4,16,LOW
1447,49,2026-09-07,4,29,LOW
1448,49,2026-09-08,12,84,CRITICAL
1449,49,2026-09-09,12,68,HIGH
1450,49,2026-09-10,8,58,MEDIUM
1451,49,2026-09-11,12,68,HIGH
1452,49,2026-09-12,10,61,HIGH
1453,49,2026-09-13,8,47,MEDIUM
1454,49,2026-09-14,4,16,LOW
1455,49,2026-09-15,4,30,LOW
1456,49,2026-09-16,8,55,MEDIUM
1457,49,2026-09-17,8,54,MEDIUM
1458,49,2026-09-18,10,66,HIGH
1459,49,2026-09-19,8,46,MEDIUM
1460,49,2026-09-20,8,44,MEDIUM
1461,49,2026-09-21,8,41,MEDIUM
1462,49,2026-09-22,4,20,LOW
1463,49,2026-09-23,10,55,MEDIUM
1464,49,2026-09-24,8,51,MEDIUM
1465,49,2026-09-25,0,3,LOW
1466,49,2026-09-26,8,52,MEDIUM
1467,49,2026-09-27,10,65,HIGH
1468,49,2026-09-28,0,11,LOW
1469,49,2026-09-29,8,51,MEDIUM
1470,49,2026-09-30,12,80,CRITICAL
1471,50,2026-09-01,8,55,MEDIUM
1472,50,2026-09-02,0,7,LOW
1473,50,2026-09-03,0,3,LOW
1474,50,2026-09-04,8,46,MEDIUM
1475,50,2026-09-05,8,56,MEDIUM
1476,50,2026-09-06,4,16,LOW
1477,50,2026-09-07,0,0,LOW
1478,50,2026-09-08,10,69,HIGH
1479,50,2026-09-09,8,41,MEDIUM
1480,50,2026-09-10,0,8,LOW
1481,50,2026-09-11,4,36,MEDIUM
1482,50,2026-09-12,8,51,MEDIUM
1483,50,2026-09-13,0,6,LOW
1484,50,2026-09-14,8,50,MEDIUM
1485,50,2026-09-15,12,83,CRITICAL
1486,50,2026-09-16,8,51,MEDIUM
1487,50,2026-09-17,8,50,MEDIUM
1488,50,2026-09-18,8,51,MEDIUM
1489,50,2026-09-19,0,8,LOW
1490,50,2026-09-20,8,43,MEDIUM
1491,50,2026-09-21,8,55,MEDIUM
1492,50,2026-09-22,8,56,MEDIUM
1493,50,2026-09-23,0,9,LOW
1494,50,2026-09-24,10,70,HIGH
1495,50,2026-09-25,8,42,MEDIUM
1496,50,2026-09-26,4,28,LOW
1497,50,2026-09-27,8,54,MEDIUM
1498,50,2026-09-28,10,72,HIGH
1499,50,2026-09-29,8,44,MEDIUM
1500,50,2026-09-30,4,22,LOW
1501,51,2026-09-01,0,11,LOW
1502,51,2026-09-02,8,48,MEDIUM
1503,51,2026-09-03,8,47,MEDIUM
1504,51,2026-09-04,0,0,LOW
1505,51,2026-09-05,8,40,MEDIUM
1506,51,2026-09-06,4,22,LOW
1507,51,2026-09-07,8,58,MEDIUM
1508,51,2026-09-08,4,29,LOW
1509,51,2026-09-09,12,68,HIGH
1510,51,2026-09-10,8,57,MEDIUM
1511,51,2026-09-11,8,48,MEDIUM
1512,51,2026-09-12,4,16,LOW
1513,51,2026-09-13,0,0,LOW
1514,51,2026-09-14,12,65,HIGH
1515,51,2026-09-15,8,55,MEDIUM
1516,51,2026-09-16,12,66,HIGH
1517,51,2026-09-17,4,30,LOW
1518,51,2026-09-18,4,31,LOW
1519,51,2026-09-19,0,0,LOW
1520,51,2026-09-20,10,66,HIGH
1521,51,2026-09-21,12,74,HIGH
1522,51,2026-09-22,8,51,MEDIUM
1523,51,2026-09-23,12,79,HIGH
1524,51,2026-09-24,8,58,MEDIUM
1525,51,2026-09-25,8,57,MEDIUM
1526,51,2026-09-26,12,74,HIGH
1527,51,2026-09-27,10,62,HIGH
1528,51,2026-09-28,8,44,MEDIUM
1529,51,2026-09-29,10,70,HIGH
1530,51,2026-09-30,8,48,MEDIUM
1531,52,2026-09-01,12,83,CRITICAL
1532,52,2026-09-02,12,71,HIGH
1533,52,2026-09-03,4,16,LOW
1534,52,2026-09-04,8,55,MEDIUM
1535,52,2026-09-05,8,50,MEDIUM
1536,52,2026-09-06,8,49,MEDIUM
1537,52,2026-09-07,8,52,MEDIUM
1538,52,2026-09-08,0,10,LOW
1539,52,2026-09-09,8,48,MEDIUM
1540,52,2026-09-10,0,0,LOW
1541,52,2026-09-11,8,47,MEDIUM
1542,52,2026-09-12,12,71,HIGH
1543,52,2026-09-13,4,30,LOW
1544,52,2026-09-14,4,19,LOW
1545,52,2026-09-15,10,69,HIGH
1546,52,2026-09-16,8,51,MEDIUM
1547,52,2026-09-17,8,52,MEDIUM
1548,52,2026-09-18,8,58,MEDIUM
1549,52,2026-09-19,8,49,MEDIUM
1550,52,2026-09-20,0,0,LOW
1551,52,2026-09-21,4,35,MEDIUM
1552,52,2026-09-22,8,42,MEDIUM
1553,52,2026-09-23,12,74,HIGH
1554,52,2026-09-24,0,5,LOW
1555,52,2026-09-25,8,53,MEDIUM
1556,52,2026-09-26,4,29,LOW
1557,52,2026-09-27,8,40,MEDIUM
1558,52,2026-09-28,8,51,MEDIUM
1559,52,2026-09-29,0,1,LOW
1560,52,2026-09-30,4,31,LOW
1561,53,2026-09-01,8,52,MEDIUM
1562,53,2026-09-02,8,46,MEDIUM
1563,53,2026-09-03,8,53,MEDIUM
1564,53,2026-09-04,12,71,HIGH
1565,53,2026-09-05,8,47,MEDIUM
1566,53,2026-09-06,8,45,MEDIUM
1567,53,2026-09-07,8,45,MEDIUM
1568,53,2026-09-08,8,50,MEDIUM
1569,53,2026-09-09,8,52,MEDIUM
1570,53,2026-09-10,12,66,HIGH
1571,53,2026-09-11,0,0,LOW
1572,53,2026-09-12,0,0,LOW
1573,53,2026-09-13,4,33,LOW
1574,53,2026-09-14,8,55,MEDIUM
1575,53,2026-09-15,0,12,LOW
1576,53,2026-09-16,4,17,LOW
1577,53,2026-09-17,0,7,LOW
1578,53,2026-09-18,4,17,LOW
1579,53,2026-09-19,4,25,LOW
1580,53,2026-09-20,12,75,HIGH
1581,53,2026-09-21,10,63,HIGH
1582,53,2026-09-22,10,70,HIGH
1583,53,2026-09-23,0,0,LOW
1584,53,2026-09-24,4,25,LOW
1585,53,2026-09-25,8,43,MEDIUM
1586,53,2026-09-26,0,10,LOW
1587,53,2026-09-27,0,0,LOW
1588,53,2026-09-28,8,40,MEDIUM
1589,53,2026-09-29,12,70,HIGH
1590,53,2026-09-30,12,69,HIGH
1591,54,2026-09-01,8,55,MEDIUM
1592,54,2026-09-02,0,0,LOW
1593,54,2026-09-03,8,49,MEDIUM
1594,54,2026-09-04,8,56,MEDIUM
1595,54,2026-09-05,0,11,LOW
1596,54,2026-09-06,8,44,MEDIUM
1597,54,2026-09-07,0,6,LOW
1598,54,2026-09-08,8,48,MEDIUM
1599,54,2026-09-09,4,36,MEDIUM
1600,54,2026-09-10,12,80,CRITICAL
1601,54,2026-09-11,0,7,LOW
1602,54,2026-09-12,8,47,MEDIUM
1603,54,2026-09-13,10,61,HIGH
1604,54,2026-09-14,0,4,LOW
1605,54,2026-09-15,12,74,HIGH
1606,54,2026-09-16,10,57,MEDIUM
1607,54,2026-09-17,10,67,HIGH
1608,54,2026-09-18,12,78,HIGH
1609,54,2026-09-19,8,56,MEDIUM
1610,54,2026-09-20,8,49,MEDIUM
1611,54,2026-09-21,10,64,HIGH
1612,54,2026-09-22,8,47,MEDIUM
1613,54,2026-09-23,12,73,HIGH
1614,54,2026-09-24,10,62,HIGH
1615,54,2026-09-25,4,23,LOW
1616,54,2026-09-26,8,44,MEDIUM
1617,54,2026-09-27,10,56,MEDIUM
1618,54,2026-09-28,0,0,LOW
1619,54,2026-09-29,0,10,LOW
1620,54,2026-09-30,0,0,LOW
1621,55,2026-09-01,0,6,LOW
1622,55,2026-09-02,4,20,LOW
1623,55,2026-09-03,10,54,MEDIUM
1624,55,2026-09-04,8,50,MEDIUM
1625,55,2026-09-05,10,62,HIGH
1626,55,2026-09-06,8,47,MEDIUM
1627,55,2026-09-07,10,67,HIGH
1628,55,2026-09-08,8,53,MEDIUM
1629,55,2026-09-09,0,12,LOW
1630,55,2026-09-10,10,69,HIGH
1631,55,2026-09-11,10,70,HIGH
1632,55,2026-09-12,8,46,MEDIUM
1633,55,2026-09-13,8,60,HIGH
1634,55,2026-09-14,0,3,LOW
1635,55,2026-09-15,4,28,LOW
1636,55,2026-09-16,4,27,LOW
1637,55,2026-09-17,0,0,LOW
1638,55,2026-09-18,0,0,LOW
1639,55,2026-09-19,8,45,MEDIUM
1640,55,2026-09-20,12,79,HIGH
1641,55,2026-09-21,8,52,MEDIUM
1642,55,2026-09-22,12,74,HIGH
1643,55,2026-09-23,8,44,MEDIUM
1644,55,2026-09-24,12,74,HIGH
1645,55,2026-09-25,10,65,HIGH
1646,55,2026-09-26,10,62,HIGH
1647,55,2026-09-27,12,82,CRITICAL
1648,55,2026-09-28,12,69,HIGH
1649,55,2026-09-29,0,0,LOW
1650,55,2026-09-30,8,53,MEDIUM
1651,56,2026-09-01,0,7,LOW
1652,56,2026-09-02,8,44,MEDIUM
1653,56,2026-09-03,0,0,LOW
1654,56,2026-09-04,4,32,LOW
1655,56,2026-09-05,8,55,MEDIUM
1656,56,2026-09-06,8,46,MEDIUM
1657,56,2026-09-07,10,57,MEDIUM
1658,56,2026-09-08,8,41,MEDIUM
1659,56,2026-09-09,12,64,HIGH
1660,56,2026-09-10,10,63,HIGH
1661,56,2026-09-11,10,62,HIGH
1662,56,2026-09-12,12,83,CRITICAL
1663,56,2026-09-13,8,50,MEDIUM
1664,56,2026-09-14,0,0,LOW
1665,56,2026-09-15,8,56,MEDIUM
1666,56,2026-09-16,4,22,LOW
1667,56,2026-09-17,4,26,LOW
1668,56,2026-09-18,10,68,HIGH
1669,56,2026-09-19,8,56,MEDIUM
1670,56,2026-09-20,8,56,MEDIUM
1671,56,2026-09-21,8,59,MEDIUM
1672,56,2026-09-22,8,46,MEDIUM
1673,56,2026-09-23,8,41,MEDIUM
1674,56,2026-09-24,8,58,MEDIUM
1675,56,2026-09-25,8,49,MEDIUM
1676,56,2026-09-26,8,54,MEDIUM
1677,56,2026-09-27,0,1,LOW
1678,56,2026-09-28,8,40,MEDIUM
1679,56,2026-09-29,8,58,MEDIUM
1680,56,2026-09-30,10,54,MEDIUM
1681,57,2026-09-01,8,53,MEDIUM
1682,57,2026-09-02,8,59,MEDIUM
1683,57,2026-09-03,8,47,MEDIUM
1684,57,2026-09-04,8,58,MEDIUM
1685,57,2026-09-05,4,30,LOW
1686,57,2026-09-06,8,49,MEDIUM
1687,57,2026-09-07,10,53,MEDIUM
1688,57,2026-09-08,12,71,HIGH
1689,57,2026-09-09,10,70,HIGH
1690,57,2026-09-10,8,52,MEDIUM
1691,57,2026-09-11,8,40,MEDIUM
1692,57,2026-09-12,8,47,MEDIUM
1693,57,2026-09-13,0,0,LOW
1694,57,2026-09-14,12,78,HIGH
1695,57,2026-09-15,4,28,LOW
1696,57,2026-09-16,0,5,LOW
1697,57,2026-09-17,0,0,LOW
1698,57,2026-09-18,12,72,HIGH
1699,57,2026-09-19,8,57,MEDIUM
1700,57,2026-09-20,8,40,MEDIUM
1701,57,2026-09-21,8,60,HIGH
1702,57,2026-09-22,12,73,HIGH
1703,57,2026-09-23,12,83,CRITICAL
1704,57,2026-09-24,10,53,MEDIUM
1705,57,2026-09-25,8,58,MEDIUM
1706,57,2026-09-26,4,33,LOW
1707,57,2026-09-27,10,69,HIGH
1708,57,2026-09-28,8,43,MEDIUM
1709,57,2026-09-29,12,71,HIGH
1710,57,2026-09-30,8,57,MEDIUM
1711,58,2026-09-01,10,62,HIGH
1712,58,2026-09-02,4,33,LOW
1713,58,2026-09-03,10,58,MEDIUM
1714,58,2026-09-04,0,5,LOW
1715,58,2026-09-05,0,2,LOW
1716,58,2026-09-06,10,59,MEDIUM
1717,58,2026-09-07,8,40,MEDIUM
1718,58,2026-09-08,0,0,LOW
1719,58,2026-09-09,10,60,HIGH
1720,58,2026-09-10,4,25,LOW
1721,58,2026-09-11,10,60,HIGH
1722,58,2026-09-12,8,45,MEDIUM
1723,58,2026-09-13,8,46,MEDIUM
1724,58,2026-09-14,10,57,MEDIUM
1725,58,2026-09-15,8,43,MEDIUM
1726,58,2026-09-16,12,73,HIGH
1727,58,2026-09-17,8,57,MEDIUM
1728,58,2026-09-18,10,69,HIGH
1729,58,2026-09-19,10,54,MEDIUM
1730,58,2026-09-20,0,0,LOW
1731,58,2026-09-21,12,67,HIGH
1732,58,2026-09-22,12,64,HIGH
1733,58,2026-09-23,4,18,LOW
1734,58,2026-09-24,12,72,HIGH
1735,58,2026-09-25,4,19,LOW
1736,58,2026-09-26,12,78,HIGH
1737,58,2026-09-27,8,43,MEDIUM
1738,58,2026-09-28,8,57,MEDIUM
1739,58,2026-09-29,8,56,MEDIUM
1740,58,2026-09-30,0,7,LOW
1741,59,2026-09-01,10,71,HIGH
1742,59,2026-09-02,8,42,MEDIUM
1743,59,2026-09-03,8,42,MEDIUM
1744,59,2026-09-04,8,45,MEDIUM
1745,59,2026-09-05,8,46,MEDIUM
1746,59,2026-09-06,8,48,MEDIUM
1747,59,2026-09-07,10,52,MEDIUM
1748,59,2026-09-08,8,42,MEDIUM
1749,59,2026-09-09,0,0,LOW
1750,59,2026-09-10,4,26,LOW
1751,59,2026-09-11,4,32,LOW
1752,59,2026-09-12,12,81,CRITICAL
1753,59,2026-09-13,4,31,LOW
1754,59,2026-09-14,12,84,CRITICAL
1755,59,2026-09-15,8,40,MEDIUM
1756,59,2026-09-16,8,52,MEDIUM
1757,59,2026-09-17,12,77,HIGH
1758,59,2026-09-18,0,8,LOW
1759,59,2026-09-19,12,76,HIGH
1760,59,2026-09-20,4,21,LOW
1761,59,2026-09-21,4,35,MEDIUM
1762,59,2026-09-22,10,67,HIGH
1763,59,2026-09-23,12,82,CRITICAL
1764,59,2026-09-24,10,54,MEDIUM
1765,59,2026-09-25,10,59,MEDIUM
1766,59,2026-09-26,12,79,HIGH
1767,59,2026-09-27,8,54,MEDIUM
1768,59,2026-09-28,8,50,MEDIUM
1769,59,2026-09-29,10,63,HIGH
1770,59,2026-09-30,4,17,LOW
1771,60,2026-09-01,0,6,LOW
1772,60,2026-09-02,4,16,LOW
1773,60,2026-09-03,8,51,MEDIUM
1774,60,2026-09-04,0,3,LOW
1775,60,2026-09-05,10,62,HIGH
1776,60,2026-09-06,8,40,MEDIUM
1777,60,2026-09-07,8,54,MEDIUM
1778,60,2026-09-08,0,0,LOW
1779,60,2026-09-09,12,67,HIGH
1780,60,2026-09-10,8,56,MEDIUM
1781,60,2026-09-11,8,43,MEDIUM
1782,60,2026-09-12,8,44,MEDIUM
1783,60,2026-09-13,8,55,MEDIUM
1784,60,2026-09-14,8,57,MEDIUM
1785,60,2026-09-15,10,62,HIGH
1786,60,2026-09-16,0,11,LOW
1787,60,2026-09-17,12,65,HIGH
1788,60,2026-09-18,12,84,CRITICAL
1789,60,2026-09-19,8,47,MEDIUM
1790,60,2026-09-20,8,57,MEDIUM
1791,60,2026-09-21,12,77,HIGH
1792,60,2026-09-22,8,41,MEDIUM
1793,60,2026-09-23,12,67,HIGH
1794,60,2026-09-24,0,1,LOW
1795,60,2026-09-25,10,56,MEDIUM
1796,60,2026-09-26,10,60,HIGH
1797,60,2026-09-27,12,76,HIGH
1798,60,2026-09-28,4,24,LOW
1799,60,2026-09-29,8,53,MEDIUM
1800,60,2026-09-30,0,8,LOW
1801,61,2026-09-01,8,42,MEDIUM
1802,61,2026-09-02,8,49,MEDIUM
1803,61,2026-09-03,10,61,HIGH
1804,61,2026-09-04,8,40,MEDIUM
1805,61,2026-09-05,0,1,LOW
1806,61,2026-09-06,8,45,MEDIUM
1807,61,2026-09-07,10,54,MEDIUM
1808,61,2026-09-08,12,68,HIGH
1809,61,2026-09-09,8,59,MEDIUM
1810,61,2026-09-10,8,43,MEDIUM
1811,61,2026-09-11,8,43,MEDIUM
1812,61,2026-09-12,0,0,LOW
1813,61,2026-09-13,12,74,HIGH
1814,61,2026-09-14,8,43,MEDIUM
1815,61,2026-09-15,4,34,LOW
1816,61,2026-09-16,4,34,LOW
1817,61,2026-09-17,12,66,HIGH
1818,61,2026-09-18,4,17,LOW
1819,61,2026-09-19,8,49,MEDIUM
1820,61,2026-09-20,12,81,CRITICAL
1821,61,2026-09-21,12,81,CRITICAL
1822,61,2026-09-22,12,66,HIGH
1823,61,2026-09-23,12,81,CRITICAL
1824,61,2026-09-24,8,57,MEDIUM
1825,61,2026-09-25,8,57,MEDIUM
1826,61,2026-09-26,10,61,HIGH
1827,61,2026-09-27,0,4,LOW
1828,61,2026-09-28,12,65,HIGH
1829,61,2026-09-29,8,53,MEDIUM
1830,61,2026-09-30,0,2,LOW
1831,62,2026-09-01,8,41,MEDIUM
1832,62,2026-09-02,4,18,LOW
1833,62,2026-09-03,0,10,LOW
1834,62,2026-09-04,0,0,LOW
1835,62,2026-09-05,8,41,MEDIUM
1836,62,2026-09-06,8,51,MEDIUM
1837,62,2026-09-07,8,57,MEDIUM
1838,62,2026-09-08,0,0,LOW
1839,62,2026-09-09,4,34,LOW
1840,62,2026-09-10,8,47,MEDIUM
1841,62,2026-09-11,0,2,LOW
1842,62,2026-09-12,4,21,LOW
1843,62,2026-09-13,10,70,HIGH
1844,62,2026-09-14,10,55,MEDIUM
1845,62,2026-09-15,10,52,MEDIUM
1846,62,2026-09-16,8,46,MEDIUM
1847,62,2026-09-17,10,56,MEDIUM
1848,62,2026-09-18,4,32,LOW
1849,62,2026-09-19,4,29,LOW
1850,62,2026-09-20,0,8,LOW
1851,62,2026-09-21,8,58,MEDIUM
1852,62,2026-09-22,12,70,HIGH
1853,62,2026-09-23,8,57,MEDIUM
1854,62,2026-09-24,4,17,LOW
1855,62,2026-09-25,8,46,MEDIUM
1856,62,2026-09-26,8,52,MEDIUM
1857,62,2026-09-27,4,32,LOW
1858,62,2026-09-28,8,51,MEDIUM
1859,62,2026-09-29,4,28,LOW
1860,62,2026-09-30,8,53,MEDIUM
1861,63,2026-09-01,8,49,MEDIUM
1862,63,2026-09-02,8,47,MEDIUM
1863,63,2026-09-03,8,43,MEDIUM
1864,63,2026-09-04,10,65,HIGH
1865,63,2026-09-05,8,60,HIGH
1866,63,2026-09-06,8,55,MEDIUM
1867,63,2026-09-07,0,0,LOW
1868,63,2026-09-08,8,58,MEDIUM
1869,63,2026-09-09,4,24,LOW
1870,63,2026-09-10,10,56,MEDIUM
1871,63,2026-09-11,8,45,MEDIUM
1872,63,2026-09-12,12,84,CRITICAL
1873,63,2026-09-13,8,43,MEDIUM
1874,63,2026-09-14,10,59,MEDIUM
1875,63,2026-09-15,4,17,LOW
1876,63,2026-09-16,4,23,LOW
1877,63,2026-09-17,10,53,MEDIUM
1878,63,2026-09-18,10,54,MEDIUM
1879,63,2026-09-19,10,64,HIGH
1880,63,2026-09-20,4,22,LOW
1881,63,2026-09-21,8,43,MEDIUM
1882,63,2026-09-22,8,40,MEDIUM
1883,63,2026-09-23,10,58,MEDIUM
1884,63,2026-09-24,10,55,MEDIUM
1885,63,2026-09-25,12,64,HIGH
1886,63,2026-09-26,8,43,MEDIUM
1887,63,2026-09-27,8,46,MEDIUM
1888,63,2026-09-28,8,44,MEDIUM
1889,63,2026-09-29,4,36,MEDIUM
1890,63,2026-09-30,12,67,HIGH
1891,64,2026-09-01,12,75,HIGH
1892,64,2026-09-02,8,53,MEDIUM
1893,64,2026-09-03,8,56,MEDIUM
1894,64,2026-09-04,10,60,HIGH
1895,64,2026-09-05,8,46,MEDIUM
1896,64,2026-09-06,12,84,CRITICAL
1897,64,2026-09-07,4,22,LOW
1898,64,2026-09-08,8,51,MEDIUM
1899,64,2026-09-09,4,23,LOW
1900,64,2026-09-10,8,55,MEDIUM
1901,64,2026-09-11,8,53,MEDIUM
1902,64,2026-09-12,0,0,LOW
1903,64,2026-09-13,0,5,LOW
1904,64,2026-09-14,8,45,MEDIUM
1905,64,2026-09-15,0,0,LOW
1906,64,2026-09-16,10,66,HIGH
1907,64,2026-09-17,8,49,MEDIUM
1908,64,2026-09-18,4,29,LOW
1909,64,2026-09-19,0,1,LOW
1910,64,2026-09-20,4,25,LOW
1911,64,2026-09-21,8,45,MEDIUM
1912,64,2026-09-22,8,40,MEDIUM
1913,64,2026-09-23,8,56,MEDIUM
1914,64,2026-09-24,0,10,LOW
1915,64,2026-09-25,8,51,MEDIUM
1916,64,2026-09-26,8,60,HIGH
1917,64,2026-09-27,4,30,LOW
1918,64,2026-09-28,4,24,LOW
1919,64,2026-09-29,12,79,HIGH
1920,64,2026-09-30,8,48,MEDIUM
1921,65,2026-09-01,4,31,LOW
1922,65,2026-09-02,4,30,LOW
1923,65,2026-09-03,4,16,LOW
1924,65,2026-09-04,12,71,HIGH
1925,65,2026-09-05,10,67,HIGH
1926,65,2026-09-06,8,47,MEDIUM
1927,65,2026-09-07,8,56,MEDIUM
1928,65,2026-09-08,10,56,MEDIUM
1929,65,2026-09-09,0,0,LOW
1930,65,2026-09-10,10,63,HIGH
1931,65,2026-09-11,8,48,MEDIUM
1932,65,2026-09-12,10,55,MEDIUM
1933,65,2026-09-13,8,56,MEDIUM
1934,65,2026-09-14,12,73,HIGH
1935,65,2026-09-15,10,64,HIGH
1936,65,2026-09-16,0,0,LOW
1937,65,2026-09-17,8,43,MEDIUM
1938,65,2026-09-18,4,25,LOW
1939,65,2026-09-19,8,47,MEDIUM
1940,65,2026-09-20,12,81,CRITICAL
1941,65,2026-09-21,12,83,CRITICAL
1942,65,2026-09-22,8,56,MEDIUM
1943,65,2026-09-23,4,36,MEDIUM
1944,65,2026-09-24,8,56,MEDIUM
1945,65,2026-09-25,0,0,LOW
1946,65,2026-09-26,0,2,LOW
1947,65,2026-09-27,12,81,CRITICAL
1948,65,2026-09-28,8,58,MEDIUM
1949,65,2026-09-29,8,40,MEDIUM
1950,65,2026-09-30,8,46,MEDIUM
1951,66,2026-09-01,4,19,LOW
1952,66,2026-09-02,10,61,HIGH
1953,66,2026-09-03,10,65,HIGH
1954,66,2026-09-04,8,48,MEDIUM
1955,66,2026-09-05,8,46,MEDIUM
1956,66,2026-09-06,10,64,HIGH
1957,66,2026-09-07,10,71,HIGH
1958,66,2026-09-08,8,58,MEDIUM
1959,66,2026-09-09,8,43,MEDIUM
1960,66,2026-09-10,8,55,MEDIUM
1961,66,2026-09-11,8,46,MEDIUM
1962,66,2026-09-12,4,26,LOW
1963,66,2026-09-13,0,2,LOW
1964,66,2026-09-14,8,55,MEDIUM
1965,66,2026-09-15,12,71,HIGH
1966,66,2026-09-16,8,50,MEDIUM
1967,66,2026-09-17,8,47,MEDIUM
1968,66,2026-09-18,8,57,MEDIUM
1969,66,2026-09-19,0,0,LOW
1970,66,2026-09-20,0,10,LOW
1971,66,2026-09-21,4,23,LOW
1972,66,2026-09-22,8,41,MEDIUM
1973,66,2026-09-23,4,30,LOW
1974,66,2026-09-24,8,57,MEDIUM
1975,66,2026-09-25,10,54,MEDIUM
1976,66,2026-09-26,0,9,LOW
1977,66,2026-09-27,8,44,MEDIUM
1978,66,2026-09-28,4,22,LOW
1979,66,2026-09-29,4,27,LOW
1980,66,2026-09-30,0,0,LOW
1981,67,2026-09-01,8,40,MEDIUM
1982,67,2026-09-02,8,53,MEDIUM
1983,67,2026-09-03,0,0,LOW
1984,67,2026-09-04,10,70,HIGH
1985,67,2026-09-05,8,46,MEDIUM
1986,67,2026-09-06,0,2,LOW
1987,67,2026-09-07,4,35,MEDIUM
1988,67,2026-09-08,0,0,LOW
1989,67,2026-09-09,12,72,HIGH
1990,67,2026-09-10,12,83,CRITICAL
1991,67,2026-09-11,8,60,HIGH
1992,67,2026-09-12,12,71,HIGH
1993,67,2026-09-13,0,7,LOW
1994,67,2026-09-14,10,60,HIGH
1995,67,2026-09-15,8,45,MEDIUM
1996,67,2026-09-16,10,52,MEDIUM
1997,67,2026-09-17,12,79,HIGH
1998,67,2026-09-18,12,70,HIGH
1999,67,2026-09-19,12,77,HIGH
2000,67,2026-09-20,8,43,MEDIUM
2001,67,2026-09-21,0,8,LOW
2002,67,2026-09-22,8,47,MEDIUM
2003,67,2026-09-23,8,48,MEDIUM
2004,67,2026-09-24,0,5,LOW
2005,67,2026-09-25,10,63,HIGH
2006,67,2026-09-26,8,54,MEDIUM
2007,67,2026-09-27,8,45,MEDIUM
2008,67,2026-09-28,0,0,LOW
2009,67,2026-09-29,10,70,HIGH
2010,67,2026-09-30,0,0,LOW
2011,68,2026-09-01,4,21,LOW
2012,68,2026-09-02,12,69,HIGH
2013,68,2026-09-03,4,17,LOW
2014,68,2026-09-04,10,57,MEDIUM
2015,68,2026-09-05,4,22,LOW
2016,68,2026-09-06,4,20,LOW
2017,68,2026-09-07,8,54,MEDIUM
2018,68,2026-09-08,0,6,LOW
2019,68,2026-09-09,4,35,MEDIUM
2020,68,2026-09-10,4,17,LOW
2021,68,2026-09-11,0,0,LOW
2022,68,2026-09-12,8,60,HIGH
2023,68,2026-09-13,12,73,HIGH
2024,68,2026-09-14,12,77,HIGH
2025,68,2026-09-15,4,18,LOW
2026,68,2026-09-16,12,69,HIGH
2027,68,2026-09-17,8,52,MEDIUM
2028,68,2026-09-18,0,0,LOW
2029,68,2026-09-19,8,41,MEDIUM
2030,68,2026-09-20,8,45,MEDIUM
2031,68,2026-09-21,10,65,HIGH
2032,68,2026-09-22,0,0,LOW
2033,68,2026-09-23,12,69,HIGH
2034,68,2026-09-24,4,18,LOW
2035,68,2026-09-25,4,29,LOW
2036,68,2026-09-26,0,5,LOW
2037,68,2026-09-27,4,21,LOW
2038,68,2026-09-28,8,56,MEDIUM
2039,68,2026-09-29,10,69,HIGH
2040,68,2026-09-30,10,68,HIGH
2041,69,2026-09-01,8,58,MEDIUM
2042,69,2026-09-02,8,54,MEDIUM
2043,69,2026-09-03,4,35,MEDIUM
2044,69,2026-09-04,8,58,MEDIUM
2045,69,2026-09-05,4,30,LOW
2046,69,2026-09-06,8,45,MEDIUM
2047,69,2026-09-07,8,54,MEDIUM
2048,69,2026-09-08,8,50,MEDIUM
2049,69,2026-09-09,8,59,MEDIUM
2050,69,2026-09-10,4,16,LOW
2051,69,2026-09-11,4,28,LOW
2052,69,2026-09-12,8,52,MEDIUM
2053,69,2026-09-13,12,81,CRITICAL
2054,69,2026-09-14,8,42,MEDIUM
2055,69,2026-09-15,12,82,CRITICAL
2056,69,2026-09-16,0,0,LOW
2057,69,2026-09-17,0,0,LOW
2058,69,2026-09-18,10,69,HIGH
2059,69,2026-09-19,12,67,HIGH
2060,69,2026-09-20,8,55,MEDIUM
2061,69,2026-09-21,8,60,HIGH
2062,69,2026-09-22,8,44,MEDIUM
2063,69,2026-09-23,0,8,LOW
2064,69,2026-09-24,4,33,LOW
2065,69,2026-09-25,4,20,LOW
2066,69,2026-09-26,4,17,LOW
2067,69,2026-09-27,8,59,MEDIUM
2068,69,2026-09-28,8,42,MEDIUM
2069,69,2026-09-29,4,33,LOW
2070,69,2026-09-30,8,42,MEDIUM
2071,70,2026-09-01,8,56,MEDIUM
2072,70,2026-09-02,8,42,MEDIUM
2073,70,2026-09-03,8,48,MEDIUM
2074,70,2026-09-04,8,57,MEDIUM
2075,70,2026-09-05,4,21,LOW
2076,70,2026-09-06,0,5,LOW
2077,70,2026-09-07,8,46,MEDIUM
2078,70,2026-09-08,4,23,LOW
2079,70,2026-09-09,10,72,HIGH
2080,70,2026-09-10,0,8,LOW
2081,70,2026-09-11,4,35,MEDIUM
2082,70,2026-09-12,8,42,MEDIUM
2083,70,2026-09-13,8,60,HIGH
2084,70,2026-09-14,8,42,MEDIUM
2085,70,2026-09-15,10,62,HIGH
2086,70,2026-09-16,8,45,MEDIUM
2087,70,2026-09-17,10,60,HIGH
2088,70,2026-09-18,12,74,HIGH
2089,70,2026-09-19,0,0,LOW
2090,70,2026-09-20,12,64,HIGH
2091,70,2026-09-21,12,64,HIGH
2092,70,2026-09-22,12,64,HIGH
2093,70,2026-09-23,12,64,HIGH
2094,70,2026-09-24,0,2,LOW
2095,70,2026-09-25,4,36,MEDIUM
2096,70,2026-09-26,8,42,MEDIUM
2097,70,2026-09-27,0,0,LOW
2098,70,2026-09-28,8,43,MEDIUM
2099,70,2026-09-29,8,57,MEDIUM
2100,70,2026-09-30,10,63,HIGH
2101,71,2026-09-01,0,12,LOW
2102,71,2026-09-02,10,71,HIGH
2103,71,2026-09-03,0,0,LOW
2104,71,2026-09-04,8,50,MEDIUM
2105,71,2026-09-05,8,43,MEDIUM
2106,71,2026-09-06,12,80,CRITICAL
2107,71,2026-09-07,10,61,HIGH
2108,71,2026-09-08,12,73,HIGH
2109,71,2026-09-09,8,45,MEDIUM
2110,71,2026-09-10,0,9,LOW
2111,71,2026-09-11,12,68,HIGH
2112,71,2026-09-12,8,58,MEDIUM
2113,71,2026-09-13,8,55,MEDIUM
2114,71,2026-09-14,8,55,MEDIUM
2115,71,2026-09-15,8,42,MEDIUM
2116,71,2026-09-16,4,21,LOW
2117,71,2026-09-17,12,73,HIGH
2118,71,2026-09-18,8,59,MEDIUM
2119,71,2026-09-19,12,65,HIGH
2120,71,2026-09-20,8,52,MEDIUM
2121,71,2026-09-21,8,41,MEDIUM
2122,71,2026-09-22,8,53,MEDIUM
2123,71,2026-09-23,8,40,MEDIUM
2124,71,2026-09-24,0,11,LOW
2125,71,2026-09-25,0,0,LOW
2126,71,2026-09-26,10,60,HIGH
2127,71,2026-09-27,4,28,LOW
2128,71,2026-09-28,8,60,HIGH
2129,71,2026-09-29,8,42,MEDIUM
2130,71,2026-09-30,8,56,MEDIUM
2131,72,2026-09-01,8,56,MEDIUM
2132,72,2026-09-02,4,28,LOW
2133,72,2026-09-03,8,58,MEDIUM
2134,72,2026-09-04,0,0,LOW
2135,72,2026-09-05,8,44,MEDIUM
2136,72,2026-09-06,12,72,HIGH
2137,72,2026-09-07,8,47,MEDIUM
2138,72,2026-09-08,8,51,MEDIUM
2139,72,2026-09-09,10,53,MEDIUM
2140,72,2026-09-10,8,49,MEDIUM
2141,72,2026-09-11,12,69,HIGH
2142,72,2026-09-12,12,82,CRITICAL
2143,72,2026-09-13,8,41,MEDIUM
2144,72,2026-09-14,8,41,MEDIUM
2145,72,2026-09-15,10,67,HIGH
2146,72,2026-09-16,0,5,LOW
2147,72,2026-09-17,4,23,LOW
2148,72,2026-09-18,8,59,MEDIUM
2149,72,2026-09-19,12,83,CRITICAL
2150,72,2026-09-20,8,54,MEDIUM
2151,72,2026-09-21,8,51,MEDIUM
2152,72,2026-09-22,12,64,HIGH
2153,72,2026-09-23,12,83,CRITICAL
2154,72,2026-09-24,12,84,CRITICAL
2155,72,2026-09-25,12,80,CRITICAL
2156,72,2026-09-26,4,20,LOW
2157,72,2026-09-27,0,0,LOW
2158,72,2026-09-28,8,41,MEDIUM
2159,72,2026-09-29,0,4,LOW
2160,72,2026-09-30,8,56,MEDIUM
2161,73,2026-09-01,0,9,LOW
2162,73,2026-09-02,8,40,MEDIUM
2163,73,2026-09-03,8,60,HIGH
2164,73,2026-09-04,10,60,HIGH
2165,73,2026-09-05,12,84,CRITICAL
2166,73,2026-09-06,4,33,LOW
2167,73,2026-09-07,8,55,MEDIUM
2168,73,2026-09-08,4,32,LOW
2169,73,2026-09-09,4,28,LOW
2170,73,2026-09-10,10,58,MEDIUM
2171,73,2026-09-11,8,60,HIGH
2172,73,2026-09-12,0,4,LOW
2173,73,2026-09-13,8,47,MEDIUM
2174,73,2026-09-14,4,18,LOW
2175,73,2026-09-15,4,28,LOW
2176,73,2026-09-16,8,49,MEDIUM
2177,73,2026-09-17,10,57,MEDIUM
2178,73,2026-09-18,8,58,MEDIUM
2179,73,2026-09-19,10,61,HIGH
2180,73,2026-09-20,8,49,MEDIUM
2181,73,2026-09-21,4,16,LOW
2182,73,2026-09-22,4,29,LOW
2183,73,2026-09-23,12,68,HIGH
2184,73,2026-09-24,8,56,MEDIUM
2185,73,2026-09-25,8,46,MEDIUM
2186,73,2026-09-26,0,1,LOW
2187,73,2026-09-27,12,72,HIGH
2188,73,2026-09-28,0,6,LOW
2189,73,2026-09-29,12,65,HIGH
2190,73,2026-09-30,12,76,HIGH
2191,74,2026-09-01,8,60,HIGH
2192,74,2026-09-02,8,45,MEDIUM
2193,74,2026-09-03,8,51,MEDIUM
2194,74,2026-09-04,12,73,HIGH
2195,74,2026-09-05,12,65,HIGH
2196,74,2026-09-06,4,28,LOW
2197,74,2026-09-07,12,71,HIGH
2198,74,2026-09-08,10,63,HIGH
2199,74,2026-09-09,8,57,MEDIUM
2200,74,2026-09-10,10,57,MEDIUM
2201,74,2026-09-11,8,46,MEDIUM
2202,74,2026-09-12,12,64,HIGH
2203,74,2026-09-13,10,54,MEDIUM
2204,74,2026-09-14,8,52,MEDIUM
2205,74,2026-09-15,8,53,MEDIUM
2206,74,2026-09-16,12,72,HIGH
2207,74,2026-09-17,12,73,HIGH
2208,74,2026-09-18,8,58,MEDIUM
2209,74,2026-09-19,12,80,CRITICAL
2210,74,2026-09-20,8,40,MEDIUM
2211,74,2026-09-21,12,71,HIGH
2212,74,2026-09-22,10,55,MEDIUM
2213,74,2026-09-23,8,47,MEDIUM
2214,74,2026-09-24,8,56,MEDIUM
2215,74,2026-09-25,8,45,MEDIUM
2216,74,2026-09-26,12,72,HIGH
2217,74,2026-09-27,8,44,MEDIUM
2218,74,2026-09-28,8,59,MEDIUM
2219,74,2026-09-29,12,65,HIGH
2220,74,2026-09-30,10,62,HIGH
2221,75,2026-09-01,0,1,LOW
2222,75,2026-09-02,10,72,HIGH
2223,75,2026-09-03,0,1,LOW
2224,75,2026-09-04,4,22,LOW
2225,75,2026-09-05,4,22,LOW
2226,75,2026-09-06,12,75,HIGH
2227,75,2026-09-07,4,32,LOW
2228,75,2026-09-08,8,58,MEDIUM
2229,75,2026-09-09,8,43,MEDIUM
2230,75,2026-09-10,8,47,MEDIUM
2231,75,2026-09-11,12,68,HIGH
2232,75,2026-09-12,12,67,HIGH
2233,75,2026-09-13,0,0,LOW
2234,75,2026-09-14,10,71,HIGH
2235,75,2026-09-15,8,56,MEDIUM
2236,75,2026-09-16,8,43,MEDIUM
2237,75,2026-09-17,8,41,MEDIUM
2238,75,2026-09-18,8,46,MEDIUM
2239,75,2026-09-19,4,34,LOW
2240,75,2026-09-20,0,12,LOW
2241,75,2026-09-21,10,58,MEDIUM
2242,75,2026-09-22,8,46,MEDIUM
2243,75,2026-09-23,4,28,LOW
2244,75,2026-09-24,10,62,HIGH
2245,75,2026-09-25,4,17,LOW
2246,75,2026-09-26,8,41,MEDIUM
2247,75,2026-09-27,10,54,MEDIUM
2248,75,2026-09-28,0,11,LOW
2249,75,2026-09-29,12,80,CRITICAL
2250,75,2026-09-30,8,50,MEDIUM
2251,76,2026-09-01,8,43,MEDIUM
2252,76,2026-09-02,8,56,MEDIUM
2253,76,2026-09-03,12,77,HIGH
2254,76,2026-09-04,12,81,CRITICAL
2255,76,2026-09-05,10,68,HIGH
2256,76,2026-09-06,0,0,LOW
2257,76,2026-09-07,4,22,LOW
2258,76,2026-09-08,12,64,HIGH
2259,76,2026-09-09,12,64,HIGH
2260,76,2026-09-10,8,43,MEDIUM
2261,76,2026-09-11,8,53,MEDIUM
2262,76,2026-09-12,0,9,LOW
2263,76,2026-09-13,4,35,MEDIUM
2264,76,2026-09-14,8,40,MEDIUM
2265,76,2026-09-15,4,28,LOW
2266,76,2026-09-16,8,55,MEDIUM
2267,76,2026-09-17,10,67,HIGH
2268,76,2026-09-18,8,49,MEDIUM
2269,76,2026-09-19,12,83,CRITICAL
2270,76,2026-09-20,0,5,LOW
2271,76,2026-09-21,0,11,LOW
2272,76,2026-09-22,10,58,MEDIUM
2273,76,2026-09-23,8,51,MEDIUM
2274,76,2026-09-24,8,51,MEDIUM
2275,76,2026-09-25,4,17,LOW
2276,76,2026-09-26,0,1,LOW
2277,76,2026-09-27,8,42,MEDIUM
2278,76,2026-09-28,12,67,HIGH
2279,76,2026-09-29,12,80,CRITICAL
2280,76,2026-09-30,10,70,HIGH
2281,77,2026-09-01,8,43,MEDIUM
2282,77,2026-09-02,8,49,MEDIUM
2283,77,2026-09-03,4,23,LOW
2284,77,2026-09-04,8,56,MEDIUM
2285,77,2026-09-05,8,50,MEDIUM
2286,77,2026-09-06,12,64,HIGH
2287,77,2026-09-07,8,44,MEDIUM
2288,77,2026-09-08,12,77,HIGH
2289,77,2026-09-09,4,21,LOW
2290,77,2026-09-10,12,69,HIGH
2291,77,2026-09-11,4,35,MEDIUM
2292,77,2026-09-12,8,56,MEDIUM
2293,77,2026-09-13,4,18,LOW
2294,77,2026-09-14,4,30,LOW
2295,77,2026-09-15,8,50,MEDIUM
2296,77,2026-09-16,8,53,MEDIUM
2297,77,2026-09-17,0,0,LOW
2298,77,2026-09-18,8,41,MEDIUM
2299,77,2026-09-19,10,61,HIGH
2300,77,2026-09-20,4,32,LOW
2301,77,2026-09-21,8,53,MEDIUM
2302,77,2026-09-22,10,53,MEDIUM
2303,77,2026-09-23,12,75,HIGH
2304,77,2026-09-24,10,52,MEDIUM
2305,77,2026-09-25,12,74,HIGH
2306,77,2026-09-26,4,31,LOW
2307,77,2026-09-27,8,53,MEDIUM
2308,77,2026-09-28,8,41,MEDIUM
2309,77,2026-09-29,8,43,MEDIUM
2310,77,2026-09-30,0,0,LOW
2311,78,2026-09-01,8,40,MEDIUM
2312,78,2026-09-02,0,0,LOW
2313,78,2026-09-03,12,65,HIGH
2314,78,2026-09-04,8,46,MEDIUM
2315,78,2026-09-05,8,52,MEDIUM
2316,78,2026-09-06,8,59,MEDIUM
2317,78,2026-09-07,0,0,LOW
2318,78,2026-09-08,8,44,MEDIUM
2319,78,2026-09-09,10,66,HIGH
2320,78,2026-09-10,0,2,LOW
2321,78,2026-09-11,10,58,MEDIUM
2322,78,2026-09-12,0,0,LOW
2323,78,2026-09-13,12,70,HIGH
2324,78,2026-09-14,8,50,MEDIUM
2325,78,2026-09-15,8,41,MEDIUM
2326,78,2026-09-16,12,77,HIGH
2327,78,2026-09-17,8,57,MEDIUM
2328,78,2026-09-18,4,29,LOW
2329,78,2026-09-19,8,43,MEDIUM
2330,78,2026-09-20,8,60,HIGH
2331,78,2026-09-21,12,79,HIGH
2332,78,2026-09-22,8,57,MEDIUM
2333,78,2026-09-23,10,56,MEDIUM
2334,78,2026-09-24,8,46,MEDIUM
2335,78,2026-09-25,8,48,MEDIUM
2336,78,2026-09-26,8,41,MEDIUM
2337,78,2026-09-27,0,0,LOW
2338,78,2026-09-28,8,57,MEDIUM
2339,78,2026-09-29,0,8,LOW
2340,78,2026-09-30,8,46,MEDIUM
2341,79,2026-09-01,8,49,MEDIUM
2342,79,2026-09-02,4,31,LOW
2343,79,2026-09-03,12,81,CRITICAL
2344,79,2026-09-04,10,68,HIGH
2345,79,2026-09-05,4,29,LOW
2346,79,2026-09-06,0,0,LOW
2347,79,2026-09-07,4,36,MEDIUM
2348,79,2026-09-08,8,59,MEDIUM
2349,79,2026-09-09,10,55,MEDIUM
2350,79,2026-09-10,0,0,LOW
2351,79,2026-09-11,10,63,HIGH
2352,79,2026-09-12,8,40,MEDIUM
2353,79,2026-09-13,8,41,MEDIUM
2354,79,2026-09-14,8,51,MEDIUM
2355,79,2026-09-15,8,58,MEDIUM
2356,79,2026-09-16,10,54,MEDIUM
2357,79,2026-09-17,12,73,HIGH
2358,79,2026-09-18,8,58,MEDIUM
2359,79,2026-09-19,4,16,LOW
2360,79,2026-09-20,10,66,HIGH
2361,79,2026-09-21,8,58,MEDIUM
2362,79,2026-09-22,12,69,HIGH
2363,79,2026-09-23,8,59,MEDIUM
2364,79,2026-09-24,10,70,HIGH
2365,79,2026-09-25,8,60,HIGH
2366,79,2026-09-26,8,59,MEDIUM
2367,79,2026-09-27,8,52,MEDIUM
2368,79,2026-09-28,12,73,HIGH
2369,79,2026-09-29,12,81,CRITICAL
2370,79,2026-09-30,10,71,HIGH
2371,80,2026-09-01,12,83,CRITICAL
2372,80,2026-09-02,10,66,HIGH
2373,80,2026-09-03,0,8,LOW
2374,80,2026-09-04,8,44,MEDIUM
2375,80,2026-09-05,8,51,MEDIUM
2376,80,2026-09-06,8,52,MEDIUM
2377,80,2026-09-07,10,70,HIGH
2378,80,2026-09-08,4,20,LOW
2379,80,2026-09-09,8,58,MEDIUM
2380,80,2026-09-10,0,1,LOW
2381,80,2026-09-11,0,8,LOW
2382,80,2026-09-12,8,58,MEDIUM
2383,80,2026-09-13,8,46,MEDIUM
2384,80,2026-09-14,4,22,LOW
2385,80,2026-09-15,0,0,LOW
2386,80,2026-09-16,12,71,HIGH
2387,80,2026-09-17,8,44,MEDIUM
2388,80,2026-09-18,12,77,HIGH
2389,80,2026-09-19,8,58,MEDIUM
2390,80,2026-09-20,8,41,MEDIUM
2391,80,2026-09-21,8,59,MEDIUM
2392,80,2026-09-22,10,52,MEDIUM
2393,80,2026-09-23,8,55,MEDIUM
2394,80,2026-09-24,4,28,LOW
2395,80,2026-09-25,10,55,MEDIUM
2396,80,2026-09-26,8,53,MEDIUM
2397,80,2026-09-27,0,12,LOW
2398,80,2026-09-28,8,45,MEDIUM
2399,80,2026-09-29,10,58,MEDIUM
2400,80,2026-09-30,8,57,MEDIUM
2401,81,2026-09-01,10,59,MEDIUM
2402,81,2026-09-02,8,59,MEDIUM
2403,81,2026-09-03,4,26,LOW
2404,81,2026-09-04,10,71,HIGH
2405,81,2026-09-05,8,60,HIGH
2406,81,2026-09-06,4,32,LOW
2407,81,2026-09-07,4,33,LOW
2408,81,2026-09-08,12,64,HIGH
2409,81,2026-09-09,12,73,HIGH
2410,81,2026-09-10,12,64,HIGH
2411,81,2026-09-11,8,53,MEDIUM
2412,81,2026-09-12,10,55,MEDIUM
2413,81,2026-09-13,4,34,LOW
2414,81,2026-09-14,8,53,MEDIUM
2415,81,2026-09-15,8,40,MEDIUM
2416,81,2026-09-16,8,44,MEDIUM
2417,81,2026-09-17,8,58,MEDIUM
2418,81,2026-09-18,12,75,HIGH
2419,81,2026-09-19,8,44,MEDIUM
2420,81,2026-09-20,8,48,MEDIUM
2421,81,2026-09-21,0,9,LOW
2422,81,2026-09-22,8,58,MEDIUM
2423,81,2026-09-23,8,51,MEDIUM
2424,81,2026-09-24,8,60,HIGH
2425,81,2026-09-25,0,0,LOW
2426,81,2026-09-26,0,9,LOW
2427,81,2026-09-27,8,53,MEDIUM
2428,81,2026-09-28,0,0,LOW
2429,81,2026-09-29,12,70,HIGH
2430,81,2026-09-30,12,80,CRITICAL
2431,82,2026-09-01,8,58,MEDIUM
2432,82,2026-09-02,8,43,MEDIUM
2433,82,2026-09-03,8,46,MEDIUM
2434,82,2026-09-04,12,72,HIGH
2435,82,2026-09-05,8,57,MEDIUM
2436,82,2026-09-06,4,23,LOW
2437,82,2026-09-07,8,49,MEDIUM
2438,82,2026-09-08,12,80,CRITICAL
2439,82,2026-09-09,8,60,HIGH
2440,82,2026-09-10,0,0,LOW
2441,82,2026-09-11,12,69,HIGH
2442,82,2026-09-12,8,47,MEDIUM
2443,82,2026-09-13,0,0,LOW
2444,82,2026-09-14,10,68,HIGH
2445,82,2026-09-15,8,59,MEDIUM
2446,82,2026-09-16,8,52,MEDIUM
2447,82,2026-09-17,0,0,LOW
2448,82,2026-09-18,0,4,LOW
2449,82,2026-09-19,8,46,MEDIUM
2450,82,2026-09-20,0,0,LOW
2451,82,2026-09-21,10,58,MEDIUM
2452,82,2026-09-22,12,83,CRITICAL
2453,82,2026-09-23,8,40,MEDIUM
2454,82,2026-09-24,0,0,LOW
2455,82,2026-09-25,8,56,MEDIUM
2456,82,2026-09-26,0,11,LOW
2457,82,2026-09-27,10,60,HIGH
2458,82,2026-09-28,0,1,LOW
2459,82,2026-09-29,10,71,HIGH
2460,82,2026-09-30,0,2,LOW
2461,83,2026-09-01,0,6,LOW
2462,83,2026-09-02,8,45,MEDIUM
2463,83,2026-09-03,12,84,CRITICAL
2464,83,2026-09-04,8,46,MEDIUM
2465,83,2026-09-05,12,82,CRITICAL
2466,83,2026-09-06,8,60,HIGH
2467,83,2026-09-07,8,60,HIGH
2468,83,2026-09-08,4,17,LOW
2469,83,2026-09-09,10,63,HIGH
2470,83,2026-09-10,4,36,MEDIUM
2471,83,2026-09-11,8,48,MEDIUM
2472,83,2026-09-12,0,7,LOW
2473,83,2026-09-13,8,54,MEDIUM
2474,83,2026-09-14,8,49,MEDIUM
2475,83,2026-09-15,8,45,MEDIUM
2476,83,2026-09-16,0,6,LOW
2477,83,2026-09-17,4,28,LOW
2478,83,2026-09-18,12,77,HIGH
2479,83,2026-09-19,10,56,MEDIUM
2480,83,2026-09-20,8,44,MEDIUM
2481,83,2026-09-21,8,40,MEDIUM
2482,83,2026-09-22,8,42,MEDIUM
2483,83,2026-09-23,10,67,HIGH
2484,83,2026-09-24,10,72,HIGH
2485,83,2026-09-25,12,79,HIGH
2486,83,2026-09-26,8,41,MEDIUM
2487,83,2026-09-27,4,34,LOW
2488,83,2026-09-28,10,71,HIGH
2489,83,2026-09-29,0,0,LOW
2490,83,2026-09-30,0,4,LOW
2491,84,2026-09-01,8,57,MEDIUM
2492,84,2026-09-02,8,42,MEDIUM
2493,84,2026-09-03,4,22,LOW
2494,84,2026-09-04,4,30,LOW
2495,84,2026-09-05,4,18,LOW
2496,84,2026-09-06,4,26,LOW
2497,84,2026-09-07,8,45,MEDIUM
2498,84,2026-09-08,4,27,LOW
2499,84,2026-09-09,8,43,MEDIUM
2500,84,2026-09-10,8,57,MEDIUM
2501,84,2026-09-11,0,6,LOW
2502,84,2026-09-12,0,0,LOW
2503,84,2026-09-13,12,69,HIGH
2504,84,2026-09-14,10,55,MEDIUM
2505,84,2026-09-15,0,11,LOW
2506,84,2026-09-16,4,16,LOW
2507,84,2026-09-17,8,43,MEDIUM
2508,84,2026-09-18,4,29,LOW
2509,84,2026-09-19,4,32,LOW
2510,84,2026-09-20,10,62,HIGH
2511,84,2026-09-21,4,30,LOW
2512,84,2026-09-22,8,57,MEDIUM
2513,84,2026-09-23,8,51,MEDIUM
2514,84,2026-09-24,8,43,MEDIUM
2515,84,2026-09-25,4,22,LOW
2516,84,2026-09-26,8,42,MEDIUM
2517,84,2026-09-27,10,69,HIGH
2518,84,2026-09-28,8,49,MEDIUM
2519,84,2026-09-29,8,58,MEDIUM
2520,84,2026-09-30,0,0,LOW
2521,85,2026-09-01,12,82,CRITICAL
2522,85,2026-09-02,8,41,MEDIUM
2523,85,2026-09-03,4,28,LOW
2524,85,2026-09-04,8,56,MEDIUM
2525,85,2026-09-05,0,0,LOW
2526,85,2026-09-06,8,48,MEDIUM
2527,85,2026-09-07,8,41,MEDIUM
2528,85,2026-09-08,4,30,LOW
2529,85,2026-09-09,4,24,LOW
2530,85,2026-09-10,12,67,HIGH
2531,85,2026-09-11,8,55,MEDIUM
2532,85,2026-09-12,8,43,MEDIUM
2533,85,2026-09-13,4,30,LOW
2534,85,2026-09-14,10,67,HIGH
2535,85,2026-09-15,10,68,HIGH
2536,85,2026-09-16,4,21,LOW
2537,85,2026-09-17,0,0,LOW
2538,85,2026-09-18,12,69,HIGH
2539,85,2026-09-19,10,54,MEDIUM
2540,85,2026-09-20,8,58,MEDIUM
2541,85,2026-09-21,8,45,MEDIUM
2542,85,2026-09-22,0,12,LOW
2543,85,2026-09-23,4,24,LOW
2544,85,2026-09-24,8,53,MEDIUM
2545,85,2026-09-25,4,34,LOW
2546,85,2026-09-26,8,50,MEDIUM
2547,85,2026-09-27,10,67,HIGH
2548,85,2026-09-28,12,83,CRITICAL
2549,85,2026-09-29,8,47,MEDIUM
2550,85,2026-09-30,12,77,HIGH
2551,86,2026-09-01,12,71,HIGH
2552,86,2026-09-02,12,81,CRITICAL
2553,86,2026-09-03,4,19,LOW
2554,86,2026-09-04,12,80,CRITICAL
2555,86,2026-09-05,4,33,LOW
2556,86,2026-09-06,10,62,HIGH
2557,86,2026-09-07,8,40,MEDIUM
2558,86,2026-09-08,8,47,MEDIUM
2559,86,2026-09-09,8,54,MEDIUM
2560,86,2026-09-10,10,52,MEDIUM
2561,86,2026-09-11,8,58,MEDIUM
2562,86,2026-09-12,8,60,HIGH
2563,86,2026-09-13,8,52,MEDIUM
2564,86,2026-09-14,10,55,MEDIUM
2565,86,2026-09-15,8,55,MEDIUM
2566,86,2026-09-16,10,53,MEDIUM
2567,86,2026-09-17,8,55,MEDIUM
2568,86,2026-09-18,4,28,LOW
2569,86,2026-09-19,8,44,MEDIUM
2570,86,2026-09-20,12,64,HIGH
2571,86,2026-09-21,8,40,MEDIUM
2572,86,2026-09-22,8,57,MEDIUM
2573,86,2026-09-23,4,18,LOW
2574,86,2026-09-24,10,57,MEDIUM
2575,86,2026-09-25,4,23,LOW
2576,86,2026-09-26,10,63,HIGH
2577,86,2026-09-27,8,45,MEDIUM
2578,86,2026-09-28,0,4,LOW
2579,86,2026-09-29,10,63,HIGH
2580,86,2026-09-30,0,2,LOW
2581,87,2026-09-01,8,54,MEDIUM
2582,87,2026-09-02,0,0,LOW
2583,87,2026-09-03,8,58,MEDIUM
2584,87,2026-09-04,4,18,LOW
2585,87,2026-09-05,8,60,HIGH
2586,87,2026-09-06,12,69,HIGH
2587,87,2026-09-07,0,10,LOW
2588,87,2026-09-08,4,26,LOW
2589,87,2026-09-09,8,52,MEDIUM
2590,87,2026-09-10,8,59,MEDIUM
2591,87,2026-09-11,0,9,LOW
2592,87,2026-09-12,8,57,MEDIUM
2593,87,2026-09-13,12,72,HIGH
2594,87,2026-09-14,4,29,LOW
2595,87,2026-09-15,8,59,MEDIUM
2596,87,2026-09-16,8,49,MEDIUM
2597,87,2026-09-17,12,81,CRITICAL
2598,87,2026-09-18,12,64,HIGH
2599,87,2026-09-19,4,20,LOW
2600,87,2026-09-20,0,2,LOW
2601,87,2026-09-21,12,65,HIGH
2602,87,2026-09-22,8,47,MEDIUM
2603,87,2026-09-23,10,69,HIGH
2604,87,2026-09-24,8,59,MEDIUM
2605,87,2026-09-25,10,60,HIGH
2606,87,2026-09-26,8,49,MEDIUM
2607,87,2026-09-27,10,56,MEDIUM
2608,87,2026-09-28,8,59,MEDIUM
2609,87,2026-09-29,8,59,MEDIUM
2610,87,2026-09-30,8,57,MEDIUM
2611,88,2026-09-01,10,54,MEDIUM
2612,88,2026-09-02,10,54,MEDIUM
2613,88,2026-09-03,8,51,MEDIUM
2614,88,2026-09-04,8,60,HIGH
2615,88,2026-09-05,8,56,MEDIUM
2616,88,2026-09-06,8,41,MEDIUM
2617,88,2026-09-07,10,72,HIGH
2618,88,2026-09-08,8,42,MEDIUM
2619,88,2026-09-09,8,45,MEDIUM
2620,88,2026-09-10,4,33,LOW
2621,88,2026-09-11,8,54,MEDIUM
2622,88,2026-09-12,8,55,MEDIUM
2623,88,2026-09-13,4,33,LOW
2624,88,2026-09-14,12,69,HIGH
2625,88,2026-09-15,0,11,LOW
2626,88,2026-09-16,8,48,MEDIUM
2627,88,2026-09-17,8,42,MEDIUM
2628,88,2026-09-18,8,42,MEDIUM
2629,88,2026-09-19,10,72,HIGH
2630,88,2026-09-20,10,66,HIGH
2631,88,2026-09-21,8,59,MEDIUM
2632,88,2026-09-22,8,55,MEDIUM
2633,88,2026-09-23,8,57,MEDIUM
2634,88,2026-09-24,4,35,MEDIUM
2635,88,2026-09-25,8,53,MEDIUM
2636,88,2026-09-26,8,55,MEDIUM
2637,88,2026-09-27,10,56,MEDIUM
2638,88,2026-09-28,12,68,HIGH
2639,88,2026-09-29,8,56,MEDIUM
2640,88,2026-09-30,8,46,MEDIUM
2641,89,2026-09-01,8,41,MEDIUM
2642,89,2026-09-02,12,84,CRITICAL
2643,89,2026-09-03,8,50,MEDIUM
2644,89,2026-09-04,10,68,HIGH
2645,89,2026-09-05,0,4,LOW
2646,89,2026-09-06,10,57,MEDIUM
2647,89,2026-09-07,10,72,HIGH
2648,89,2026-09-08,12,71,HIGH
2649,89,2026-09-09,8,41,MEDIUM
2650,89,2026-09-10,10,60,HIGH
2651,89,2026-09-11,0,3,LOW
2652,89,2026-09-12,12,76,HIGH
2653,89,2026-09-13,8,59,MEDIUM
2654,89,2026-09-14,8,54,MEDIUM
2655,89,2026-09-15,8,41,MEDIUM
2656,89,2026-09-16,0,0,LOW
2657,89,2026-09-17,4,24,LOW
2658,89,2026-09-18,8,45,MEDIUM
2659,89,2026-09-19,12,74,HIGH
2660,89,2026-09-20,12,75,HIGH
2661,89,2026-09-21,8,48,MEDIUM
2662,89,2026-09-22,4,32,LOW
2663,89,2026-09-23,8,54,MEDIUM
2664,89,2026-09-24,8,52,MEDIUM
2665,89,2026-09-25,4,20,LOW
2666,89,2026-09-26,8,59,MEDIUM
2667,89,2026-09-27,8,45,MEDIUM
2668,89,2026-09-28,10,59,MEDIUM
2669,89,2026-09-29,10,56,MEDIUM
2670,89,2026-09-30,10,69,HIGH
2671,90,2026-09-01,10,70,HIGH
2672,90,2026-09-02,12,72,HIGH
2673,90,2026-09-03,12,76,HIGH
2674,90,2026-09-04,12,71,HIGH
2675,90,2026-09-05,12,70,HIGH
2676,90,2026-09-06,8,58,MEDIUM
2677,90,2026-09-07,0,2,LOW
2678,90,2026-09-08,8,45,MEDIUM
2679,90,2026-09-09,8,42,MEDIUM
2680,90,2026-09-10,10,62,HIGH
2681,90,2026-09-11,4,33,LOW
2682,90,2026-09-12,12,74,HIGH
2683,90,2026-09-13,10,67,HIGH
2684,90,2026-09-14,4,26,LOW
2685,90,2026-09-15,8,45,MEDIUM
2686,90,2026-09-16,8,45,MEDIUM
2687,90,2026-09-17,8,58,MEDIUM
2688,90,2026-09-18,4,23,LOW
2689,90,2026-09-19,8,56,MEDIUM
2690,90,2026-09-20,8,51,MEDIUM
2691,90,2026-09-21,0,0,LOW
2692,90,2026-09-22,12,80,CRITICAL
2693,90,2026-09-23,0,9,LOW
2694,90,2026-09-24,10,64,HIGH
2695,90,2026-09-25,8,51,MEDIUM
2696,90,2026-09-26,0,12,LOW
2697,90,2026-09-27,8,56,MEDIUM
2698,90,2026-09-28,8,52,MEDIUM
2699,90,2026-09-29,12,81,CRITICAL
2700,90,2026-09-30,8,40,MEDIUM
2701,91,2026-09-01,8,50,MEDIUM
2702,91,2026-09-02,12,79,HIGH
2703,91,2026-09-03,12,73,HIGH
2704,91,2026-09-04,12,72,HIGH
2705,91,2026-09-05,4,16,LOW
2706,91,2026-09-06,4,25,LOW
2707,91,2026-09-07,10,71,HIGH
2708,91,2026-09-08,0,8,LOW
2709,91,2026-09-09,12,82,CRITICAL
2710,91,2026-09-10,0,0,LOW
2711,91,2026-09-11,8,59,MEDIUM
2712,91,2026-09-12,8,45,MEDIUM
2713,91,2026-09-13,0,0,LOW
2714,91,2026-09-14,8,50,MEDIUM
2715,91,2026-09-15,8,47,MEDIUM
2716,91,2026-09-16,8,41,MEDIUM
2717,91,2026-09-17,0,3,LOW
2718,91,2026-09-18,4,28,LOW
2719,91,2026-09-19,8,42,MEDIUM
2720,91,2026-09-20,8,49,MEDIUM
2721,91,2026-09-21,8,43,MEDIUM
2722,91,2026-09-22,8,50,MEDIUM
2723,91,2026-09-23,4,19,LOW
2724,91,2026-09-24,4,21,LOW
2725,91,2026-09-25,8,59,MEDIUM
2726,91,2026-09-26,4,29,LOW
2727,91,2026-09-27,8,56,MEDIUM
2728,91,2026-09-28,0,0,LOW
2729,91,2026-09-29,12,77,HIGH
2730,91,2026-09-30,8,50,MEDIUM
2731,92,2026-09-01,0,0,LOW
2732,92,2026-09-02,8,48,MEDIUM
2733,92,2026-09-03,12,68,HIGH
2734,92,2026-09-04,10,72,HIGH
2735,92,2026-09-05,12,67,HIGH
2736,92,2026-09-06,8,42,MEDIUM
2737,92,2026-09-07,0,3,LOW
2738,92,2026-09-08,4,30,LOW
2739,92,2026-09-09,8,59,MEDIUM
2740,92,2026-09-10,8,43,MEDIUM
2741,92,2026-09-11,10,70,HIGH
2742,92,2026-09-12,8,55,MEDIUM
2743,92,2026-09-13,8,41,MEDIUM
2744,92,2026-09-14,8,44,MEDIUM
2745,92,2026-09-15,12,79,HIGH
2746,92,2026-09-16,0,0,LOW
2747,92,2026-09-17,8,44,MEDIUM
2748,92,2026-09-18,4,32,LOW
2749,92,2026-09-19,8,57,MEDIUM
2750,92,2026-09-20,12,75,HIGH
2751,92,2026-09-21,8,45,MEDIUM
2752,92,2026-09-22,4,26,LOW
2753,92,2026-09-23,8,53,MEDIUM
2754,92,2026-09-24,8,41,MEDIUM
2755,92,2026-09-25,8,58,MEDIUM
2756,92,2026-09-26,8,53,MEDIUM
2757,92,2026-09-27,12,78,HIGH
2758,92,2026-09-28,8,54,MEDIUM
2759,92,2026-09-29,8,49,MEDIUM
2760,92,2026-09-30,12,69,HIGH
2761,93,2026-09-01,4,31,LOW
2762,93,2026-09-02,10,62,HIGH
2763,93,2026-09-03,8,50,MEDIUM
2764,93,2026-09-04,10,60,HIGH
2765,93,2026-09-05,8,60,HIGH
2766,93,2026-09-06,8,58,MEDIUM
2767,93,2026-09-07,8,51,MEDIUM
2768,93,2026-09-08,12,74,HIGH
2769,93,2026-09-09,12,83,CRITICAL
2770,93,2026-09-10,8,45,MEDIUM
2771,93,2026-09-11,8,44,MEDIUM
2772,93,2026-09-12,8,59,MEDIUM
2773,93,2026-09-13,0,0,LOW
2774,93,2026-09-14,12,77,HIGH
2775,93,2026-09-15,8,40,MEDIUM
2776,93,2026-09-16,4,16,LOW
2777,93,2026-09-17,0,0,LOW
2778,93,2026-09-18,4,25,LOW
2779,93,2026-09-19,8,60,HIGH
2780,93,2026-09-20,4,34,LOW
2781,93,2026-09-21,10,59,MEDIUM
2782,93,2026-09-22,0,0,LOW
2783,93,2026-09-23,4,36,MEDIUM
2784,93,2026-09-24,12,67,HIGH
2785,93,2026-09-25,12,74,HIGH
2786,93,2026-09-26,12,74,HIGH
2787,93,2026-09-27,0,0,LOW
2788,93,2026-09-28,0,2,LOW
2789,93,2026-09-29,8,55,MEDIUM
2790,93,2026-09-30,0,8,LOW
2791,94,2026-09-01,4,36,MEDIUM
2792,94,2026-09-02,10,65,HIGH
2793,94,2026-09-03,8,45,MEDIUM
2794,94,2026-09-04,10,55,MEDIUM
2795,94,2026-09-05,8,49,MEDIUM
2796,94,2026-09-06,8,56,MEDIUM
2797,94,2026-09-07,8,59,MEDIUM
2798,94,2026-09-08,8,52,MEDIUM
2799,94,2026-09-09,8,59,MEDIUM
2800,94,2026-09-10,10,67,HIGH
2801,94,2026-09-11,4,31,LOW
2802,94,2026-09-12,12,71,HIGH
2803,94,2026-09-13,8,54,MEDIUM
2804,94,2026-09-14,10,66,HIGH
2805,94,2026-09-15,10,61,HIGH
2806,94,2026-09-16,10,65,HIGH
2807,94,2026-09-17,4,16,LOW
2808,94,2026-09-18,4,27,LOW
2809,94,2026-09-19,12,80,CRITICAL
2810,94,2026-09-20,10,57,MEDIUM
2811,94,2026-09-21,8,49,MEDIUM
2812,94,2026-09-22,4,18,LOW
2813,94,2026-09-23,8,46,MEDIUM
2814,94,2026-09-24,12,69,HIGH
2815,94,2026-09-25,10,69,HIGH
2816,94,2026-09-26,12,67,HIGH
2817,94,2026-09-27,10,56,MEDIUM
2818,94,2026-09-28,4,18,LOW
2819,94,2026-09-29,4,22,LOW
2820,94,2026-09-30,8,44,MEDIUM
2821,95,2026-09-01,12,84,CRITICAL
2822,95,2026-09-02,0,12,LOW
2823,95,2026-09-03,8,59,MEDIUM
2824,95,2026-09-04,0,0,LOW
2825,95,2026-09-05,8,40,MEDIUM
2826,95,2026-09-06,0,8,LOW
2827,95,2026-09-07,4,29,LOW
2828,95,2026-09-08,8,55,MEDIUM
2829,95,2026-09-09,4,22,LOW
2830,95,2026-09-10,10,69,HIGH
2831,95,2026-09-11,8,51,MEDIUM
2832,95,2026-09-12,0,9,LOW
2833,95,2026-09-13,4,31,LOW
2834,95,2026-09-14,8,56,MEDIUM
2835,95,2026-09-15,10,54,MEDIUM
2836,95,2026-09-16,10,66,HIGH
2837,95,2026-09-17,4,21,LOW
2838,95,2026-09-18,8,55,MEDIUM
2839,95,2026-09-19,8,50,MEDIUM
2840,95,2026-09-20,8,51,MEDIUM
2841,95,2026-09-21,8,60,HIGH
2842,95,2026-09-22,8,55,MEDIUM
2843,95,2026-09-23,4,28,LOW
2844,95,2026-09-24,4,34,LOW
2845,95,2026-09-25,0,2,LOW
2846,95,2026-09-26,4,35,MEDIUM
2847,95,2026-09-27,0,8,LOW
2848,95,2026-09-28,12,78,HIGH
2849,95,2026-09-29,8,57,MEDIUM
2850,95,2026-09-30,4,19,LOW
2851,96,2026-09-01,8,41,MEDIUM
2852,96,2026-09-02,8,45,MEDIUM
2853,96,2026-09-03,10,66,HIGH
2854,96,2026-09-04,0,12,LOW
2855,96,2026-09-05,8,45,MEDIUM
2856,96,2026-09-06,0,6,LOW
2857,96,2026-09-07,10,58,MEDIUM
2858,96,2026-09-08,4,30,LOW
2859,96,2026-09-09,12,70,HIGH
2860,96,2026-09-10,8,60,HIGH
2861,96,2026-09-11,8,45,MEDIUM
2862,96,2026-09-12,12,64,HIGH
2863,96,2026-09-13,8,45,MEDIUM
2864,96,2026-09-14,4,20,LOW
2865,96,2026-09-15,8,58,MEDIUM
2866,96,2026-09-16,8,46,MEDIUM
2867,96,2026-09-17,10,65,HIGH
2868,96,2026-09-18,4,19,LOW
2869,96,2026-09-19,10,65,HIGH
2870,96,2026-09-20,12,74,HIGH
2871,96,2026-09-21,10,70,HIGH
2872,96,2026-09-22,0,12,LOW
2873,96,2026-09-23,8,47,MEDIUM
2874,96,2026-09-24,8,57,MEDIUM
2875,96,2026-09-25,4,23,LOW
2876,96,2026-09-26,4,26,LOW
2877,96,2026-09-27,10,63,HIGH
2878,96,2026-09-28,10,59,MEDIUM
2879,96,2026-09-29,12,82,CRITICAL
2880,96,2026-09-30,12,81,CRITICAL
2881,97,2026-09-01,4,26,LOW
2882,97,2026-09-02,8,49,MEDIUM
2883,97,2026-09-03,8,53,MEDIUM
2884,97,2026-09-04,0,7,LOW
2885,97,2026-09-05,10,72,HIGH
2886,97,2026-09-06,8,55,MEDIUM
2887,97,2026-09-07,4,21,LOW
2888,97,2026-09-08,12,76,HIGH
2889,97,2026-09-09,8,47,MEDIUM
2890,97,2026-09-10,0,10,LOW
2891,97,2026-09-11,8,48,MEDIUM
2892,97,2026-09-12,12,72,HIGH
2893,97,2026-09-13,8,55,MEDIUM
2894,97,2026-09-14,8,43,MEDIUM
2895,97,2026-09-15,4,30,LOW
2896,97,2026-09-16,8,58,MEDIUM
2897,97,2026-09-17,8,40,MEDIUM
2898,97,2026-09-18,4,34,LOW
2899,97,2026-09-19,4,30,LOW
2900,97,2026-09-20,0,0,LOW
2901,97,2026-09-21,0,2,LOW
2902,97,2026-09-22,4,35,MEDIUM
2903,97,2026-09-23,8,56,MEDIUM
2904,97,2026-09-24,8,43,MEDIUM
2905,97,2026-09-25,4,31,LOW
2906,97,2026-09-26,10,62,HIGH
2907,97,2026-09-27,4,34,LOW
2908,97,2026-09-28,8,56,MEDIUM
2909,97,2026-09-29,4,20,LOW
2910,97,2026-09-30,4,16,LOW
2911,98,2026-09-01,12,67,HIGH
2912,98,2026-09-02,4,27,LOW
2913,98,2026-09-03,8,41,MEDIUM
2914,98,2026-09-04,8,46,MEDIUM
2915,98,2026-09-05,4,17,LOW
2916,98,2026-09-06,0,0,LOW
2917,98,2026-09-07,12,81,CRITICAL
2918,98,2026-09-08,8,59,MEDIUM
2919,98,2026-09-09,12,78,HIGH
2920,98,2026-09-10,8,56,MEDIUM
2921,98,2026-09-11,8,58,MEDIUM
2922,98,2026-09-12,8,51,MEDIUM
2923,98,2026-09-13,10,58,MEDIUM
2924,98,2026-09-14,10,63,HIGH
2925,98,2026-09-15,10,68,HIGH
2926,98,2026-09-16,8,45,MEDIUM
2927,98,2026-09-17,4,36,MEDIUM
2928,98,2026-09-18,8,52,MEDIUM
2929,98,2026-09-19,0,0,LOW
2930,98,2026-09-20,4,16,LOW
2931,98,2026-09-21,8,49,MEDIUM
2932,98,2026-09-22,4,28,LOW
2933,98,2026-09-23,10,54,MEDIUM
2934,98,2026-09-24,12,82,CRITICAL
2935,98,2026-09-25,12,82,CRITICAL
2936,98,2026-09-26,8,43,MEDIUM
2937,98,2026-09-27,8,42,MEDIUM
2938,98,2026-09-28,8,45,MEDIUM
2939,98,2026-09-29,4,34,LOW
2940,98,2026-09-30,12,66,HIGH
2941,99,2026-09-01,0,0,LOW
2942,99,2026-09-02,10,70,HIGH
2943,99,2026-09-03,4,34,LOW
2944,99,2026-09-04,10,63,HIGH
2945,99,2026-09-05,10,52,MEDIUM
2946,99,2026-09-06,0,1,LOW
2947,99,2026-09-07,4,31,LOW
2948,99,2026-09-08,8,60,HIGH
2949,99,2026-09-09,12,80,CRITICAL
2950,99,2026-09-10,4,17,LOW
2951,99,2026-09-11,8,46,MEDIUM
2952,99,2026-09-12,0,10,LOW
2953,99,2026-09-13,8,55,MEDIUM
2954,99,2026-09-14,0,0,LOW
2955,99,2026-09-15,10,70,HIGH
2956,99,2026-09-16,8,42,MEDIUM
2957,99,2026-09-17,8,43,MEDIUM
2958,99,2026-09-18,4,28,LOW
2959,99,2026-09-19,0,12,LOW
2960,99,2026-09-20,4,20,LOW
2961,99,2026-09-21,0,0,LOW
2962,99,2026-09-22,4,19,LOW
2963,99,2026-09-23,12,78,HIGH
2964,99,2026-09-24,8,54,MEDIUM
2965,99,2026-09-25,12,68,HIGH
2966,99,2026-09-26,0,0,LOW
2967,99,2026-09-27,8,42,MEDIUM
2968,99,2026-09-28,0,0,LOW
2969,99,2026-09-29,8,52,MEDIUM
2970,99,2026-09-30,0,0,LOW
2971,100,2026-09-01,4,17,LOW
2972,100,2026-09-02,0,11,LOW
2973,100,2026-09-03,10,53,MEDIUM
2974,100,2026-09-04,8,44,MEDIUM
2975,100,2026-09-05,10,62,HIGH
2976,100,2026-09-06,10,68,HIGH
2977,100,2026-09-07,12,78,HIGH
2978,100,2026-09-08,4,22,LOW
2979,100,2026-09-09,8,46,MEDIUM
2980,100,2026-09-10,0,1,LOW
2981,100,2026-09-11,8,46,MEDIUM
2982,100,2026-09-12,8,52,MEDIUM
2983,100,2026-09-13,8,46,MEDIUM
2984,100,2026-09-14,8,40,MEDIUM
2985,100,2026-09-15,10,57,MEDIUM
2986,100,2026-09-16,8,60,HIGH
2987,100,2026-09-17,10,61,HIGH
2988,100,2026-09-18,12,80,CRITICAL
2989,100,2026-09-19,0,0,LOW
2990,100,2026-09-20,12,73,HIGH
2991,100,2026-09-21,4,19,LOW
2992,100,2026-09-22,0,1,LOW
2993,100,2026-09-23,0,9,LOW
2994,100,2026-09-24,10,64,HIGH
2995,100,2026-09-25,10,68,HIGH
2996,100,2026-09-26,4,26,LOW
2997,100,2026-09-27,12,64,HIGH
2998,100,2026-09-28,8,50,MEDIUM
2999,100,2026-09-29,4,20,LOW
3000,100,2026-09-30,8,49,MEDIUM
